seq,page_num,content,chapter_title,all_sections,count_words,count_sent,state,is_table,book_title,book_path,extend_embed
1,0,"Successor Solar Incentive (SuSI) Program 
New Capacity Installed by 2026: 3,750 MW 
Under Governor Phil Murphy’s leadership, New Jersey is on track to double its installed solar capacity from 3,655 MW 
today to 7,400 MW by 2026. The Successor Solar Incentive (SuSI) Program sets an annual goal of installing 750 MW of 
new solar capacity, including targets for 300 MW of net metered solar, 150 MW of community solar, and 300 MW of 
grid supply.  
Solar energy generates over 5% of New Jersey’s current electricity needs; under the new SuSI Program, this percentage 
is expected to rise to approximately 10%.  
The solar industry is a critical piece of New Jersey’s clean energy economy – representing almost 5,400 jobs in 2020 – 
and is a key component to the State’s plan to reach 100% clean energy by 2050. 
The SuSI Program contains two sub-programs: the Administratively Determined Incentive and the Competitive Solar 
Incentive. SuSI prioritizes overall growth of the solar market and ratepayer affordability through incentives tailored to 
projects’ needs. 
On July 28, 2021, the New Jersey Board of Public Utilities voted to close the current solar Transition Incentive Program 
as of 11:59 p.m. E.T. on August 27, 2021. At the same meeting, the Board voted to open the SuSI Administratively 
Determined Incentive Program beginning at 12:00 a.m. E.T. on August 28, 2021. 
_____________________________________________________________________________________ 
The Administratively Determined Incentive (ADI)  
The Administratively Determined Incentive Program will provide fixed incentives for the following categories of projects: 
•  Net metered projects serving residential customers; 
•  Net metered projects serving commercial and industrial projects of 5 MW or less; 
•  Community solar projects; and 
•  On an interim basis, grid supply projects located on properly closed sanitary landfills, brownfields, and areas 
of historic fill (previously known as “subsection (t)” projects). 
Program Launch: Projects will be able to register for an incentive under the ADI Program beginning at 12:00 a.m. E.T. 
on Saturday, August 28, 2021. 
The value of the incentives are based on the relative costs and revenues for different projects types, with a preference 
for projects on already developed sites, such as rooftops and parking lots (the “built-environment”). See chart below 
for details.","Successor Solar Incentive (SuSI) Program  New Capacity Installed by 2026: 3,750 MW  The Administratively Determined Incentive (ADI)  ","['Successor Solar Incentive (SuSI) Program', 'New Capacity Installed by 2026: 3,750 MW', 'The Administratively Determined Incentive (ADI)']",541,19,new jersey,False,successor solar incentive (susi) program,docs/raw/dump/new_jersey/NJ SuSi Program.pdf,"[-0.01108804065734148, 0.010785720311105251, -0.0246124267578125, -0.014413563534617424, -0.012839719653129578, -0.01499152835458517, 0.014867044053971767, 0.005988608580082655, -0.01230621337890625, -0.02941398322582245, 0.01614745892584324, 0.0032410509884357452, 0.02491474710404873, -0.01359552051872015, 0.0037723344285041094, -0.02336757816374302, 0.035495955497026443, 0.02601732686161995, 0.003601167816668749, 0.012270646169781685, 0.03816348686814308, 0.007633586879819632, 0.007064513396471739, -0.04936712235212326, -0.013862273655831814, -0.02071782946586609, -0.044850099831819534, 0.036883071064949036, 0.013142039999365807, -0.009549763984978199, 0.005428427364677191, -0.01414681039750576, 0.0048415702767670155, -0.025323769077658653, 0.011345901526510715, 0.007504655979573727, 0.03830575570464134, -0.0321170836687088, -0.00716676888987422, -0.029645169153809547, -0.032526105642318726, 0.03284620866179466, 0.04947382211685181, 0.014715883880853653, -0.028560373932123184, 0.01161265466362238, -0.006744409445673227, -0.008753949776291847, -0.0025208175648003817, -0.025963975116610527, 0.0064732106402516365, 0.015960732474923134, -0.0067177340388298035, -0.007211227435618639, -0.0003626176039688289, -0.003763442626222968, 0.03291734308004379, -0.01959746703505516, 0.008829530328512192, 0.0271910410374403, 0.04349854961037636, -0.02631964720785618, 0.008807300589978695, -0.0025097026955336332, -0.0012681890511885285, -0.003843468613922596, 0.015267173759639263, -0.026693101972341537, -0.005997500382363796, 0.03352198377251625, -0.001532719237729907, 0.03188589587807655, 0.036225080490112305, 0.0018839442636817694, 0.0254304688423872, 0.010305563919246197, -0.005339509341865778, 0.0035856072790920734, 0.009069607593119144, -0.025021448731422424, 0.019063960760831833, -0.02322530932724476, -0.0023785491939634085, 0.01009216159582138, -0.010598992928862572, 0.00017463996482547373, 0.028329188004136086, 0.0010620111133903265, -0.0186371561139822, 0.0005071089253760874, -0.011790490709245205, -0.01879720762372017, -0.012012784369289875, 0.014226836152374744, -0.003859029384329915, 0.024292321875691414, 0.01717890426516533, -0.007389063015580177, -0.015187147073447704, -0.024523507803678513, 0.00489936675876379, 0.003983513917773962, 0.009825408458709717, 0.029502902179956436, -0.0055929250083863735, -0.030338728800415993, -0.01989978738129139, 0.017258930951356888, -0.01046561636030674, -0.006219794973731041, -0.03816348686814308, 0.002257398795336485, -0.007749179843813181, -0.007900339551270008, -0.03300625830888748, 0.018405968323349953, 0.016912151128053665, 0.005850786343216896, -0.020895665511488914, 0.005846340674906969, -0.0011759368935599923, 0.00523280818015337, -0.02799130044877529, 0.0006963369087316096, 0.010687910951673985, 0.0002179873554268852, -0.00140934600494802, 0.002749780658632517, -0.005726301576942205, 0.013497711159288883, -0.005873015616089106, 0.011852732859551907, 0.0003959617461077869, 5.3107502026250586e-05, -0.016387537121772766, 0.02166035771369934, -0.01975751854479313, 0.005610708612948656, -0.01938406378030777, 0.012679667212069035, -0.0013937853509560227, -0.00902959518134594, -0.03293512389063835, 0.00336998188868165, -0.01789913885295391, 0.04118669033050537, 0.018228134140372276, 0.013675546273589134, -0.0194551981985569, 0.006015283986926079, 0.0036456268280744553, 0.0063087125308811665, -0.012261753901839256, 0.0013837821315973997, 0.05395527556538582, 0.00965646468102932, -0.01982865296304226, -0.031494658440351486, -0.05683621019124985, -0.01688547618687153, -0.02888047695159912, -0.0384480245411396, 0.01931292936205864, -0.01724114641547203, 0.023616548627614975, 0.050647538155317307, -0.018814990296959877, 0.00936303660273552, -0.014386887662112713, 0.009327469393610954, 0.017081094905734062, 0.002723105251789093, -0.014849260449409485, -0.007669153623282909, 0.021037934347987175, 0.02020210772752762, 0.018014730885624886, 0.025217067450284958, -0.005099431611597538, 0.0035722695756703615, -0.03286398947238922, 0.01075904443860054, 0.0050149597227573395, -0.004241375718265772, -0.026052894070744514, -0.021695924922823906, 0.02548382058739662, -0.01138146873563528, 0.003454453544691205, -0.01694771833717823, 0.024078920483589172, 0.007931461557745934, -0.009843192063272, -0.010430049151182175, 0.03147687390446663, 0.013310983777046204, -0.018530454486608505, -0.025626087561249733, -0.011372577399015427, 0.032330483198165894, 0.004579262807965279, -0.002658640034496784, 0.002547492738813162, -0.02306525781750679, -0.00580632733181119, 0.02681758627295494, -0.015418333932757378, 0.004043533466756344, -0.006597695406526327, 0.0011581534054130316, -0.0076469243504107, -0.02984078787267208, 0.054559916257858276, 0.005966379307210445, 0.00036595200072042644, 0.04371195286512375, -0.03201038017868996, 0.004010189324617386, 0.03225935250520706, -0.025163715705275536, 0.04374752193689346, -0.053243935108184814, 0.020397726446390152, 0.018094757571816444, 0.020166540518403053, -0.006037513725459576, 0.02086009830236435, 0.0024874734226614237, 0.008718382567167282, -0.019579682499170303, -0.03720317780971527, -0.014493589289486408, 0.010679018683731556, 0.020237674936652184, -0.009202984161674976, -0.057511985301971436, -0.017641276121139526, 0.002563053509220481, 0.021393604576587677, -0.00965646468102932, 0.03201038017868996, -0.042182568460702896, -0.02182040922343731, -0.007157877087593079, -0.043000612407922745, 0.0005465661524794996, 0.05054083466529846, 0.0028764884918928146, 0.012750801630318165, 0.006202011369168758, 0.010038810782134533, -0.012368455529212952, -0.00972759909927845, -0.022442834451794624, 0.0005901913973502815, -0.0021318024955689907, -0.013008663430809975, -0.00499273044988513, -0.03243718668818474, 0.019472982734441757, -0.02740444242954254, 0.029378416016697884, -0.0015427225735038519, 0.006766638718545437, -0.01673431508243084, 0.015525034628808498, -0.0007924792007543147, -0.020362159237265587, -0.02601732686161995, -0.02866707555949688, 0.018148107454180717, 0.011043581180274487, 0.024630209431052208, -0.019704168662428856, 0.015151580795645714, 0.004703747574239969, 0.023403145372867584, -0.0053528472781181335, 0.004221369046717882, -0.050078462809324265, -0.013435468077659607, -0.028240269050002098, 0.002483027521520853, 0.0002873154007829726, 0.016414212062954903, 0.0028098002076148987, 0.02431010641157627, -0.022656235843896866, 0.019917570054531097, 0.01503598690032959, 0.01216394454240799, 0.00017880798259284347, -0.05793878808617592, 0.013373225927352905, 0.011674897745251656, -0.006904461421072483, 0.02048664353787899, -0.001532719237729907, 0.03670523688197136, -0.021109068766236305, -0.0023718802258372307, -0.020735614001750946, -0.0008619462023489177, 0.01813032478094101, -0.0004115223418921232, 0.0006596583989448845, 0.011292550712823868, -0.018477102741599083, -0.0034966894891113043, -0.010936880484223366, -0.00029370636912062764, 0.013062014244496822, -0.007678045425564051, -0.003567823674529791, -0.03256167098879814, 0.051109910011291504, 7.585793355247006e-05, -0.009807624854147434, -0.019650816917419434, 0.020682262256741524, -0.01716112159192562, 0.0027475578244775534, -0.014475805684924126, 0.022638453170657158, 0.025626087561249733, 0.026693101972341537, 0.011790490709245205, 0.0251992829144001, 0.004159126430749893, -0.052283622324466705, 0.03498023375868797, -0.0025875058490782976, 0.002447460312396288, 0.002027324168011546, -0.02381216734647751, 0.007180106360465288, 0.03576270863413811, -0.033557549118995667, 0.04460113123059273, 0.019775301218032837, 0.024114487692713737, -0.015934055671095848, 0.0007030057604424655, 0.013568844646215439, 0.026550833135843277, 0.0067177340388298035, 0.01929514668881893, 0.02948511764407158, 0.0017727972008287907, -0.021767059341073036, 0.01108804065734148, -0.0254304688423872, -0.059076935052871704, 0.0027142136823385954, 0.033859871327877045, 0.007620248943567276, -0.0019639702513813972, 0.015587277710437775, 0.0003131571284029633, 0.021998245269060135, -0.007353495806455612, 0.010607884265482426, -0.030320944264531136, -0.012386239133775234, -0.0008319364860653877, -0.03419775888323784, -0.0002864818088710308, -0.025697221979498863, 0.0076380325481295586, -0.03359311819076538, -0.02084231562912464, 0.012137269601225853, -0.013017554767429829, -0.04460113123059273, -0.006775530520826578, 0.03410883992910385, 0.017996948212385178, -0.0424315370619297, 0.01455583143979311, 0.00537952221930027, -0.007202335633337498, 0.024203404784202576, -0.021571440622210503, 0.005850786343216896, 0.007064513396471739, -0.007611357141286135, 0.03645626828074455, 0.0109013132750988, 0.012350671924650669, 0.02482582814991474, 0.00652211531996727, 0.00041068874998018146, -0.004801557399332523, -0.01856602169573307, 0.009860975667834282, 0.010705694556236267, 0.00578409805893898, -0.04207586869597435, 0.012199511751532555, -0.009967677295207977, 0.013310983777046204, -0.03720317780971527, -0.01407567597925663, 0.01536498311907053, -0.04193359985947609, 0.004614830017089844, 0.01812143251299858, -0.026284079998731613, 0.10442497581243515, -0.02174927480518818, -0.037025339901447296, 0.0036456268280744553, 0.002013986464589834, -0.006917798891663551, 0.001053675077855587, -0.03716760873794556, -0.003281064098700881, 0.015267173759639263, -0.011817165650427341, -0.008389387279748917, 0.0013482150388881564, 0.013977866619825363, 0.00943417102098465, 0.0034922435879707336, 0.0342155396938324, -0.020397726446390152, 0.02836475521326065, 0.011532628908753395, -0.017356740310788155, 0.009042932651937008, 0.007682491559535265, -0.01145260315388441, -0.004534803796559572, 0.035567089915275574, 0.0050772023387253284, 0.01032334752380848, -0.0052950503304600716, -0.03645626828074455, 0.03277507424354553, -0.04598824679851532, 0.015729546546936035, -0.025145933032035828, 0.002347427885979414, 0.022016027942299843, 0.021535873413085938, -0.0006252027815207839, -0.011852732859551907, 0.009082945995032787, -0.027760114520788193, 0.005993054714053869, 0.026284079998731613, 0.0035389254335314035, -0.020575562492012978, 0.019348496571183205, -0.008745058439671993, -0.025074798613786697, 0.01666318252682686, 0.009967677295207977, -0.007544668857008219, 0.006157552357763052, -0.011372577399015427, -0.015160472132265568, -0.003825685242190957, 0.007731396239250898, 0.055164556950330734, 0.007068959064781666, 0.0246124267578125, -0.008949569426476955, -0.028844909742474556, -0.0071223098784685135, -0.009789841249585152, -0.018023623153567314, 0.026106243953108788, -0.04260937497019768, -0.024950314313173294, 0.03787894919514656, 0.005752976983785629, 0.014751451089978218, 0.03373538330197334, 0.011256984435021877, 0.015729546546936035, 0.01708998717367649, 0.0081759849563241, 0.018032515421509743, -0.016689857468008995, -0.007175660226494074, 0.04694855958223343, -0.030552130192518234, -0.0034055488649755716, -0.02365211583673954, -0.04481453448534012, 0.001419349224306643, 0.004454778041690588, -0.01315982360392809, -0.039835140109062195, -0.026782019063830376, 0.0251992829144001, -0.011986109428107738, -0.03391322121024132, 0.003321076976135373, 0.015089337714016438, 0.01592516526579857, 0.03359311819076538, -0.022051595151424408, -0.007144539151340723, -0.010083270259201527, -0.014431347139179707, 0.00936303660273552, -0.024594642221927643, 0.015062662772834301, 0.007633586879819632, -0.02585727535188198, -0.0228518545627594, 0.008798409253358841, -0.019935354590415955, -0.006099755875766277, 0.011470386758446693, -0.015062662772834301, -0.01833483576774597, 0.012564074248075485, -0.02697763778269291, -0.009683140553534031, -0.00012733295443467796, 0.01230621337890625, 0.014342429116368294, 0.013017554767429829, 0.010474507696926594, -0.002266290597617626, -0.015284957364201546, -0.00532617187127471, -0.008909556083381176, 0.017703518271446228, -0.016449779272079468, 0.017596818506717682, 0.001419349224306643, -0.018530454486608505, -0.005521790590137243, -0.004854907747358084, -0.039621736854314804, -0.042644940316677094, -0.003934609238058329, -0.013586628250777721, 0.04460113123059273, 0.017436765134334564, -0.018005838617682457, -0.016680965200066566, -0.06875118613243103, 0.02315417490899563, 0.029378416016697884, 0.049118150025606155, -0.006219794973731041, -0.0011814943281933665, 0.030694399029016495, 0.01304423063993454, -0.009834300726652145, -0.005606262478977442, -0.009923217818140984, 0.010883529670536518, 0.008936231024563313, -0.005134998820722103, -0.026995422318577766, -0.0024185620713979006, 0.00924744363874197, 0.030178675428032875, 0.010456724092364311, 0.037985652685165405, 0.002858704887330532, -0.003267726395279169, -0.0015427225735038519, -0.003447784809395671, -0.006259807851165533, 0.001247071078978479, 0.010367807000875473, 0.0251992829144001, 0.0243812408298254, 0.013079797849059105, 0.009700924158096313, -0.05239032208919525, 0.02735109254717827, 0.009585331194102764, -0.005957487504929304, 0.004597046412527561, 0.02269180305302143, 0.009941001422703266, -0.0338776521384716, -0.0365629680454731, 0.009443062357604504, -0.08301358669996262, -0.0005026630242355168, 0.0037145379465073347, 0.05278156325221062, -0.02948511764407158, -0.020824531093239784, 0.016191918402910233, -0.032241567969322205, 0.029609601944684982, 0.003859029384329915, 0.006086418405175209, -0.009078499861061573, -0.020397726446390152, -0.00456592533737421, 0.007304591126739979, 0.0315302237868309, 0.029876355081796646, 0.0051172152161598206, -0.02078896388411522, 0.014715883880853653, 0.01849488727748394, -0.028773775324225426, -0.00236743432469666, -0.006566573865711689, -0.021358037367463112, 0.004921596031636, -0.0028409212827682495, -0.025626087561249733, -0.009056270122528076, -0.009754274040460587, 0.003414440667256713, 0.016191918402910233, -0.03579827770590782, 0.004943825304508209, 0.03126347064971924, 0.009229660034179688, 0.005152781959623098, 0.010189970955252647, 0.008318252861499786, 0.01131033431738615, 0.01488482765853405, -0.0013037561438977718, 0.0039568389765918255, 0.011159174144268036, -0.022353915497660637, 0.05018516257405281, 0.012999771162867546, -0.028471454977989197, -0.01901060901582241, -0.020095406100153923, -0.021197985857725143, -0.01701885275542736, -0.008927339687943459, -0.0008097070385701954, -0.009763166308403015, 0.015462792478501797, 0.003554485971108079, -0.0008286020602099597, 0.005179457366466522, 0.023171959444880486, 0.00048654669080860913, 0.003910156898200512, -0.027831248939037323, 0.009202984161674976, 0.03476683050394058, -0.0013771132798865438, -0.004837124142795801, -0.009265227243304253, 0.020735614001750946, 0.0013326543848961592, -0.004868245683610439, 0.06498107314109802, 0.014520264230668545, 0.034446727484464645, 0.009860975667834282, 0.0065398989245295525, -0.0008630576776340604, 0.03524698689579964, -0.029858572408556938, -0.003581161377951503, 0.031352389603853226, -0.0109013132750988, 0.005935258232057095, -0.010332239791750908, 0.010412265546619892, -0.026408564299345016, -0.027244390919804573, -0.02189154364168644, -0.022016027942299843, 0.011212524957954884, 0.0036856397055089474, -0.03713204339146614, 0.00814930908381939, 0.047873303294181824, 0.02011318877339363, 0.011914975009858608, 0.018903909251093864, -0.011354793794453144, 0.005850786343216896, 0.006837773136794567, 0.030712181702256203, -0.017863571643829346, -0.026550833135843277, -0.009025149047374725, -0.04253824055194855, 0.0160585418343544, 0.013133147731423378, 0.019099527969956398, -0.010474507696926594, 0.008202659897506237, -0.0036411809269338846, 0.016547588631510735, 0.040048543363809586, -0.023829950019717216, 0.002789793536067009, -0.0036589642986655235, -0.007611357141286135, 0.027368875220417976, -0.0006563239730894566, 0.017365632578730583, 0.00013865607616025954, 0.000270921183982864, 0.006535452790558338, -0.010732369497418404, 0.004650397226214409, 0.003636735025793314, 0.004961608909070492, -0.0016694302903488278, -0.006495439913123846, 0.03649183362722397, 0.0030232027638703585, -0.010181079618632793, 0.03855472430586815, 0.018832774832844734, -0.010172187350690365, -0.01708998717367649, -0.00910517480224371, -0.011541521176695824, 0.0010331128723919392, 0.0029098326340317726, 0.028186919167637825, 0.020966799929738045, -0.006166444160044193, 0.005401751957833767, -0.027226608246564865, 0.013755572028458118, -0.006353171542286873, -0.0008914002100937068, -0.02918279729783535, -0.020522210747003555, 0.027368875220417976, -0.0075357770547270775, -0.006059742998331785, 0.033290795981884, -0.004259158857166767, 0.008082620799541473, -0.012884178198873997, 0.024132270365953445, -0.007197889965027571, 0.020753396674990654, 0.024701343849301338, 0.024932529777288437, 0.02233613282442093, -0.013684437610208988, -0.007673599757254124, -0.02004205621778965, -0.004294726066291332, -0.019704168662428856, 0.0037656656932085752, 0.007864773273468018, -0.008064838126301765, 0.015516143292188644, 0.009309685789048672, -0.030676614493131638, -0.012697450816631317, -0.033130746334791183, 0.03809235244989395, -0.029787437990307808, 0.003812347538769245, 0.020575562492012978, -0.014680316671729088, 0.028204701840877533, 0.0009119624155573547, 0.02320752665400505, -0.0035856072790920734, -0.006464318837970495, 0.0026208499912172556, -0.01879720762372017, -0.005126107018440962, 0.007273470051586628, 0.012003893032670021, 0.014324645511806011, -0.04253824055194855, 0.0036878627724945545, -0.013399900868535042, 0.018814990296959877, -0.005606262478977442, 0.017152229323983192, 0.0019828653894364834, 0.04075988382101059, 0.004761544056236744, -0.004654842894524336, -0.017579033970832825, -0.009371927939355373, -0.017872462049126625, -0.23787270486354828, 0.00998546089977026, -0.01469810027629137, -0.002636410528793931, -0.010607884265482426, 0.008713937364518642, -0.0027520034927874804, 0.011514845304191113, 0.027813464403152466, 0.030125325545668602, -0.010003244504332542, 0.00814930908381939, 0.00022785167675465345, 0.018903909251093864, -0.00707340519875288, -0.03666967153549194, 0.017116662114858627, -0.00024507948546670377, 0.016921043395996094, 0.0297696553170681, -0.017507899552583694, 0.010750153101980686, 0.005535128526389599, 0.000501829432323575, 0.02439902350306511, 0.020753396674990654, -0.05520012229681015, 0.01924179494380951, -0.001539388089440763, 0.011897191405296326, -0.012199511751532555, 0.018832774832844734, -0.03051656298339367, 0.012501832097768784, -0.012839719653129578, -0.022585101425647736, -0.01304423063993454, -0.006139768753200769, -0.01901060901582241, 0.032099299132823944, -0.010181079618632793, 0.023847734555602074, -0.010839071124792099, -0.0016694302903488278, -0.021784842014312744, -0.0016827679937705398, -0.001549391308799386, 0.0047081937082111835, 0.02564387209713459, 0.02447015792131424, 0.017072202637791634, -0.010243321768939495, -0.0007241237326525152, -0.01577400416135788, -0.012546290643513203, 0.0032054840121418238, 0.008082620799541473, 0.020077621564269066, 0.0031988152768462896, 0.005481777712702751, -0.002636410528793931, -0.00965646468102932, -0.009380820207297802, 0.004390312824398279, -0.009416387416422367, -0.021037934347987175, 0.014057892374694347, -0.010999122634530067, 0.023563196882605553, -0.0085538849234581, -0.014431347139179707, -0.0024207851383835077, 0.011230308562517166, 0.015151580795645714, -0.025519387796521187, -0.0054906695149838924, -0.008127080276608467, 0.009852084331214428, -0.0039279405027627945, 0.01570286974310875, 0.058258894830942154, -0.01644088700413704, 0.009149634279310703, 0.04353411868214607, -0.0014649195363745093, 0.018921691924333572, 0.004268050659447908, 0.05779652297496796, 0.034375593066215515, 0.015827355906367302, -0.002237392356619239, 0.01612967625260353, 0.014200161211192608, -0.038270190358161926, 0.017970271408557892, -0.04865577816963196, -0.0747620239853859, 0.0013426576042547822, 0.03330858051776886, 0.005432873032987118, 0.014093459583818913, 0.006388738751411438, -0.03795008361339569, -0.01820145919919014, 0.015213822945952415, -0.024114487692713737, -0.006495439913123846, -0.014413563534617424, 0.014306861907243729, 0.007913677953183651, -0.016467561945319176, 0.014324645511806011, 0.009549763984978199, -0.03734544292092323, 0.004379197955131531, -0.03987070918083191, 0.0029276160057634115, 0.015427225269377232, -0.014564723707735538, -0.05306609719991684, -0.010527858510613441, -0.001841708435676992, 0.020308809354901314, -0.01739230751991272, -0.001569397863931954, -0.004252490121871233, 0.0027675642631947994, -0.0012181728379800916, 0.013844490051269531, -0.020504428073763847, 0.0159962996840477, 0.006033067591488361, -0.008971798233687878, 0.017747977748513222, 0.0013159823138266802, -0.010714585892856121, -0.012003893032670021, -0.026497481390833855, 0.004497013986110687, 0.0029676291160285473, 0.005810773465782404, -0.0013304314343258739, -0.0005496226949617267, -0.004623721819370985, 0.0006529895472340286, 0.015960732474923134, -0.006157552357763052, 0.012848610989749432, 0.030534347519278526, 0.01426240336149931, 0.02116241864860058, 0.04901145026087761, -0.03677637130022049, 0.007873664610087872, 0.006548790261149406, 0.003770111594349146, 0.0457037091255188, -0.009718707762658596, 0.013079797849059105, 0.0043036178685724735, 0.014360212720930576, 0.007504655979573727, -0.008718382567167282, 0.037487711757421494, -0.08173317462205887, -0.008642802946269512, 0.016600938513875008, 0.02107350155711174, 0.017881354317069054, 0.005259483586996794, -0.004579262807965279, 0.008544993586838245, -0.009211876429617405, -0.021944895386695862, -0.015782896429300308, 0.0052950503304600716, 0.0026675318367779255, -0.042253702878952026, -0.021126851439476013, -0.02320752665400505, -0.036740805953741074, -0.0022118284832686186, 0.01139036100357771, 0.04040421545505524, -0.0019539669156074524, 0.010403374210000038, -0.016707640141248703, 0.016200808808207512, 0.05182125046849251, -0.05011403188109398, 0.010554534383118153, 0.04353411868214607, 0.000778030080255121, 0.015676194801926613, -0.0536707378923893, -0.011265875771641731, 0.025145933032035828, -0.0028098002076148987, -0.012475157156586647, 0.0037278756499290466, -0.04392535611987114, -0.02512814849615097, 0.021553656086325645, -0.006940028630197048, -0.013364334590733051, 0.020077621564269066, 0.01908174343407154, -0.01149706169962883, 0.019775301218032837, 0.029502902179956436, 0.02224721573293209, 0.0012981988256797194, 0.005112769082188606, -0.032526105642318726, 0.012733018025755882, 0.01182605791836977, 0.010109945200383663, 0.009772057645022869, 0.016014082357287407, 0.01966860145330429, 0.014351320452988148, 0.011221417225897312, -0.009700924158096313, -0.016983285546302795, 0.0011614877730607986, -0.004552587401121855, 0.01671653240919113, -0.027671195566654205, 0.03787894919514656, -0.00865614041686058, 0.01388894859701395, -0.03455342724919319, 0.002838698448613286, 0.026710884645581245, -0.01746344193816185, 0.0021695925388485193, 0.022211648523807526, -0.02327866107225418, 0.0062109031714499, -0.032543886452913284, -0.02423897199332714, -0.0027875707019120455, 0.004107998684048653, -0.010412265546619892, -0.020468860864639282, -0.011168066412210464, 0.005704072304069996, 0.015453900210559368, -0.011399252340197563, 0.009958785027265549, 0.0026519710663706064, -0.014351320452988148, -0.009825408458709717, 0.03288177400827408, 0.013328767381608486, -0.015382766723632812, 0.0013270970666781068, 0.02749336138367653, 0.010776828043162823, -0.00377678032964468, -0.01187051646411419, 0.05576919764280319, 0.009336360730230808, 0.0096120061352849, -0.025928407907485962, 0.04378308728337288, 0.047197528183460236, 0.005148336291313171, 0.04140009358525276, 0.022069379687309265, -0.012981987558305264, -0.001915065455250442, -0.00473486864939332, 0.02100236713886261, 0.00013469645637087524, -0.02350984700024128, 0.02187376096844673, 0.021180201321840286, -0.009523088112473488, 0.02815135195851326, 0.00850942637771368, 0.024790260940790176, -0.0053617386147379875, 0.016307510435581207, -0.011363685131072998, 0.006064188666641712, -0.008398279547691345, 0.18665608763694763, 0.050434134900569916, -0.015934055671095848, -0.02032659202814102, 0.013293200172483921, -0.004341408144682646, 0.024559075012803078, 0.028755992650985718, 0.04552587494254112, 0.000651322363410145, -0.023527629673480988, 0.0006713288021273911, -0.006353171542286873, 0.0058330027386546135, -0.005650721490383148, 0.02189154364168644, 0.020308809354901314, 0.008487196639180183, -0.016316402703523636, -0.02233613282442093, -0.0076024653390049934, -0.026479698717594147, -0.03469569608569145, -0.021571440622210503, -0.02815135195851326, 0.020451076328754425, -0.042644940316677094, 0.014546940103173256, 0.01650312915444374, 0.01893947459757328, -0.011105824261903763, -0.03380651772022247, 0.013275416567921638, -0.0069489204324781895, 0.03626064956188202, -0.003859029384329915, 0.002018432365730405, -0.006370955146849155, -0.006397630553692579, 0.014413563534617424, -0.019188445061445236, -0.03410883992910385, -0.0010681241983547807, 0.0011726025259122252, 0.023901084437966347, -0.012555182911455631, -0.009700924158096313, 0.01576511189341545, -0.011114715598523617, -0.005535128526389599, 0.005103877279907465, 0.028009083122015, -0.02690650336444378, 0.016378644853830338, -0.001492706360295415, -0.02306525781750679, 0.018405968323349953, -0.0007007828098721802, 0.002107350155711174, 0.0228518545627594, -0.01249294076114893, -0.032579455524683, -0.01858380436897278, -0.016049649566411972, 0.005748530849814415, 0.0076024653390049934, 0.026497481390833855, 0.017934706062078476, -0.029236149042844772, 0.016600938513875008, -0.01488482765853405, -0.03208151459693909, 0.003181031672284007, -0.0017361185746267438, 0.0071889981627464294, 0.008384941145777702, 0.018814990296959877, -0.020362159237265587, 0.0303565114736557, -0.012848610989749432, -0.00427471986040473, -0.013088689185678959, -0.010136621072888374, -0.01065234374254942, 0.014875935390591621, 0.02381216734647751, -0.027013204991817474, 0.051999084651470184, -0.03652740269899368, -0.014102350920438766, -0.004132451489567757, 0.008856205269694328, -0.00556624960154295, -0.007851434871554375, -0.00611753948032856, 0.0008135971729643643, 0.026141811162233353, -0.006424305494874716, -0.019046176224946976, 0.0014671424869447947, -0.00018742188694886863, 0.023616548627614975, 0.004725977312773466, 0.0025052570272237062, 0.02564387209713459, 0.008731720969080925, 0.004501459654420614, -0.03145909309387207, -0.04826454073190689, -0.013497711159288883, -0.009122958406805992, -0.014929286204278469, 0.0009419721318408847, -0.04744649678468704, 0.010083270259201527, -0.04915371909737587, 0.03028537705540657, -0.01393340714275837, 0.0043369620107114315, 0.019259579479694366, 0.006041959393769503, -0.013310983777046204, -0.026248512789607048, 0.020095406100153923, -0.02431010641157627, -0.04250267148017883, -0.02121576853096485, -0.03602946177124977, 0.04129339009523392, -0.024505725130438805, 0.014164594002068043, 0.011399252340197563, 0.005686288699507713, 0.01046561636030674, 0.0024430144112557173, -0.03286398947238922, 0.02962738648056984, -0.008909556083381176, -0.0024541292805224657, 0.021998245269060135, 0.043960925191640854, -0.011879407800734043, -0.013853381387889385, -0.025519387796521187, 0.019063960760831833, 0.02100236713886261, -0.043356284499168396, 0.02925393171608448, 0.01858380436897278, 0.005152781959623098, -0.0109013132750988, 0.015258281491696835, 0.002812023041769862, 0.043142881244421005, -0.0006635485333390534, -0.05982384458184242, -0.0027764560654759407, -0.008865097537636757, 0.002823137678205967, 0.02116241864860058, 0.0074646431021392345, -0.02786681428551674, 0.00010642340203048661, 0.009425278753042221, -0.02217608131468296, -0.0016027420060709119, -0.003456676611676812, -0.0052950503304600716, 0.018601588904857635, 0.003314408240839839, -0.019633034244179726, 0.025288201868534088, -0.016992177814245224, 0.006299820728600025, 0.0254304688423872, 0.01407567597925663, 0.0021529204677790403, -0.0377366840839386, 0.0036189514212310314, 0.019135095179080963, 0.010776828043162823, -0.02991192229092121, 0.02631964720785618, 0.012083918787539005, 0.021126851439476013, -0.038803696632385254, 0.03691864013671875, 0.029645169153809547, 0.003790118033066392, 0.0010742372833192348, -0.012750801630318165, 0.01267077587544918, 0.033557549118995667, -0.016271943226456642, -0.005299496464431286, -0.009531980380415916, 0.007540223188698292, 0.031423524022102356, 0.019135095179080963, -0.025145933032035828, 0.017001068219542503, -0.009211876429617405, -0.00427694246172905, -0.008518317714333534, 0.013773355633020401, 0.006468764506280422, -0.023011907935142517, -0.0022318349219858646, -0.004721531178802252, 0.004752652253955603, 0.029004961252212524, -0.0068822321482002735, -0.018814990296959877, -0.00935414433479309, -0.02984078787267208, -0.0030832220800220966, 0.02299412339925766, 0.007620248943567276, 0.02541268616914749, 0.022122729569673538, -0.0160585418343544, 0.023492062464356422, 0.004597046412527561, 0.010198863223195076, -0.01826370134949684, 0.005459548439830542, 0.015649519860744476, -0.02077118121087551, 0.025288201868534088, 0.0150004206225276, 0.0032054840121418238, -0.01754346676170826, -0.014982637017965317, 0.006406521890312433, -0.0019239572575315833, 0.011159174144268036, -0.020895665511488914, 0.0036322891246527433, 0.015542818233370781, 0.01583624631166458, -0.007077850867062807, -0.0020062061958014965, -0.02793794870376587, -0.008976244367659092, 0.011523737572133541, 0.012226187624037266, 0.02534155175089836, 0.02431010641157627, 0.017365632578730583, 0.014120134525001049, 0.01738341525197029, 0.07554449886083603, -0.027102122083306313, -0.03947947174310684, -0.002035104436799884, -0.013008663430809975, -0.00298541272059083, 0.04257380589842796, 0.008153755217790604, -0.0027853476349264383, -0.017934706062078476, -0.030605481937527657, -0.002638633595779538, -0.028329188004136086, -0.010474507696926594, -0.01194165088236332, -0.021838193759322166, -0.026195161044597626, -0.01403121743351221, -0.0010053260484710336, -0.0001710276847006753, -0.03659853711724281, 0.001971750520169735, 0.00048710242845118046, 0.008967353031039238, -0.01108804065734148, 0.06242024153470993, -0.003879035823047161, 0.00902959518134594, 0.02735109254717827, 0.00781586766242981, 0.015062662772834301, -0.02925393171608448, -0.012528507970273495, -0.01197721716016531, 0.02062891237437725, -0.005744085181504488, 0.021784842014312744, -0.009407495148479939, 0.01388894859701395, 0.008705045096576214, 0.03256167098879814, 0.02217608131468296, 0.019046176224946976, 0.044778965413570404, -0.020806748420000076, 0.02381216734647751, 0.01716112159192562, 0.03862585872411728, 0.017970271408557892, 0.025750573724508286, -0.0428939089179039, 0.04495680332183838, -0.009478629566729069, 0.027902381494641304, -0.025092581287026405, 0.05573362857103348, 0.0400841124355793, -0.03508693352341652, -0.02681758627295494, -0.001871718093752861, -0.037629980593919754, 0.002307415008544922, -0.013915624469518661, 0.00869615375995636, 0.007397954817861319, -0.003710092045366764, -0.01826370134949684, 0.005068310536444187, 0.018779423087835312, -0.018245916813611984, 0.0018372625345364213, 0.01826370134949684, -0.021855976432561874, -0.003281064098700881, 0.007371279411017895, 0.0016416434664279222, -0.008020378649234772, -0.006566573865711689, 0.0028542589861899614, -0.009576438926160336, 0.04132895916700363, 0.0025652763433754444, -0.016467561945319176, -0.006010838318616152, 0.044636696577072144, -0.0032632804941385984, 0.015347199514508247, -0.01833483576774597, -0.0015582831110805273, 0.029716303572058678, -0.03677637130022049, 0.012884178198873997, -0.0035722695756703615, 0.019170662388205528, 0.037558846175670624, 0.004468115512281656, -0.018441535532474518, -0.010065486654639244, 0.015729546546936035, 0.0192240122705698, 0.019277362152934074, -0.002360765589401126, -0.01826370134949684, -0.01784578710794449, 0.014289078302681446, -0.002494142157956958, 0.007015608716756105, -0.008496088907122612, 0.025768356397747993, -0.021269120275974274, -0.00523280818015337, -0.016707640141248703, 0.018601588904857635, 0.011061364784836769, 0.033290795981884, 0.0038812586572021246, 0.0188683420419693, -0.008985135704278946, 0.025145933032035828, 0.05477331951260567, 0.011710464023053646, 0.009451954625546932, 0.006193119566887617, -0.031939245760440826, -0.01952633261680603, 0.006877786014229059, 0.01053675077855587, 0.02247840166091919, -0.007571344263851643, -0.02187376096844673, -0.021464738994836807, 0.0015216046012938023, 0.0026275187265127897, -0.004532581195235252, -0.03883926197886467, -0.037487711757421494, -0.012368455529212952, 0.024879179894924164, 0.01393340714275837, -0.007180106360465288, -0.010919096879661083, 0.023403145372867584, -0.021927110850811005, -0.014715883880853653, 0.008282686583697796, 0.003303293604403734, 0.008544993586838245, -0.003027648665010929, -0.015880705788731575, 0.02432788908481598, 0.021695924922823906, -0.04043978080153465, 0.0005287826061248779, 0.01575622148811817, 0.013142039999365807, 0.04467226564884186, -0.01352438610047102, 0.015445008873939514, 0.013986757956445217, 0.02313639223575592, 0.03684750571846962, -0.0041680182330310345, -0.0007869218825362623, 0.0007985923439264297, 0.011594871059060097, -0.02873820811510086, 0.005873015616089106, -0.0030543238390237093, 0.02276293747127056, 0.027084339410066605, 0.006846664939075708, -0.008722828701138496, 0.02290520630776882, 0.010109945200383663, -0.00055545789655298, -0.00935414433479309, -0.017943596467375755, -0.030747748911380768, -0.013746680691838264, 0.02151808887720108, 0.034962449222803116, -0.004854907747358084, -0.004788219463080168, 0.019099527969956398, 0.0020628911443054676, -0.010047703050076962, 0.009843192063272, 0.02681758627295494, -0.00858500599861145, 0.04303617775440216, 0.02027324214577675, 0.010358914732933044, -0.019366281107068062, 0.022318348288536072, 0.019063960760831833, 0.010821287520229816, 0.0023518737871199846, -0.02880934253334999, -0.0072290110401809216, -0.01835261844098568, -0.003534479532390833, -0.04566814377903938, -0.010341131128370762, 0.0020528880413621664, 0.017934706062078476, -0.015747329220175743, -0.03979957476258278, 0.003112120321020484, 0.021055717021226883, -0.016200808808207512, -0.016565373167395592, -0.016849908977746964, -0.007393508683890104, -0.03926606848835945, -0.007046729791909456, -0.0038279080763459206, -0.0035633777733892202, -0.01322206575423479, -0.025839490815997124, 0.018370402976870537, -0.005143890623003244, 0.01101690623909235, 0.0031232351902872324, -0.004099107347428799, -0.0029076095670461655, 0.019704168662428856, 0.0005279490142129362, 0.04036864638328552, 0.022069379687309265, 0.0014404671965166926, -0.012519615702331066, -0.03051656298339367, -0.024434590712189674, 0.022567318752408028, 0.020913448184728622, 0.035993896424770355, 0.016396429389715195, -0.03501579910516739, -0.0013548838905990124, -0.02292298898100853, 0.024345673620700836, 0.009283010847866535, -0.009523088112473488, 0.004434771370142698, 0.05637383833527565, 0.000996990012936294, -0.0005963044823147357, -0.012590750120580196, 0.01821034960448742, 0.00979873351752758, 0.028987178578972816, 0.0188683420419693, 0.015791788697242737, 0.009825408458709717, 0.025839490815997124, -0.04310731217265129, -0.02219386398792267, -0.02306525781750679, -0.04751763120293617, -0.004579262807965279, 0.017970271408557892, -0.0140045415610075, -0.010305563919246197, 0.011701572686433792, 0.020077621564269066, -0.008669477887451649, 0.040724318474531174, 0.003910156898200512, 0.02224721573293209, 0.00936303660273552, 0.01673431508243084, -0.034820180386304855, 0.004099107347428799, 0.01345325168222189, 0.008233780972659588, -0.01193275861442089, 0.0192240122705698, 0.024879179894924164, -4.227065437589772e-05, 0.016787666827440262, 0.0035744926426559687, -0.0243812408298254, 0.0319925993680954, -0.008482751436531544, 0.00869615375995636, -0.024576859548687935, 0.02690650336444378, -0.032241567969322205, -0.017703518271446228, 0.00854943972080946, -0.015862923115491867, -0.02306525781750679, 0.0016338631976395845, 0.011354793794453144, -0.017365632578730583, -0.00012170613626949489, 0.029200581833720207, -0.026853153482079506, -0.017490116879343987, -0.006397630553692579, 0.03576270863413811, -0.002280739601701498, 0.001160376355983317, 0.013880057260394096, -0.033717602491378784, -0.018245916813611984, 0.01304423063993454, -0.022300565615296364, 0.008709491230547428, 0.0006074192351661623, -0.02608846127986908, 0.0014604736352339387, -0.0029765209183096886, 0.014022325165569782, -0.0002065947774099186, 0.021393604576587677, 0.0007730284705758095, 0.003092113882303238, -0.015213822945952415, 0.05704961344599724, -0.012243971228599548, 0.013168714940547943, -0.004325847141444683, -0.04755320027470589, 0.022869639098644257, 0.023100825026631355, -0.028542589396238327, -0.025145933032035828, 0.01285750325769186, 0.027884598821401596, 0.012652992270886898, -0.007233457174152136, 0.016040757298469543, 0.03201038017868996, -0.0050105140544474125, -0.026479698717594147, 0.011328117921948433, -0.018814990296959877, 0.014280186966061592, -0.03738101199269295, 0.009336360730230808, -0.006055297330021858, 0.009603114798665047, 0.02631964720785618, -0.015329415909945965, 4.772380998474546e-05, -0.0005146113107912242, 0.005468440242111683, -0.005913028959184885, -0.022211648523807526, -0.035940542817115784, -0.013835597783327103, 0.038270190358161926, -0.011150282807648182, 0.0016460893675684929, 0.03734544292092323, 0.019330713897943497, 0.041008856147527695, 0.015320523642003536, 0.0012793038040399551, 0.00740684662014246, 0.03056991472840309, 0.01989978738129139, -0.025074798613786697, 0.011248092167079449, 0.02187376096844673, -0.0020662257447838783, 0.027475576847791672, -0.015951840206980705, -0.01462696585804224, -0.016102999448776245, -0.0026275187265127897, 0.06437643617391586, -0.005668505094945431, 0.017410090193152428, -0.04442329704761505, -0.017001068219542503, -0.03830575570464134, 0.014235727488994598, 0.03631399944424629, 0.0024674669839441776, -0.02219386398792267, -0.0068822321482002735, 0.044174324721097946, 0.013728897087275982, 0.005557357799261808, -0.019810868427157402, 0.013826706446707249, 0.01278636883944273, -0.001532719237729907, -0.018743855878710747, 0.011354793794453144, -0.0069533661007881165, 0.0020562224090099335, -0.01197721716016531, 0.017365632578730583, 0.04275164380669594, 0.006295375060290098, -0.03087223507463932, 0.027528928592801094, 0.00020506650616880506, -0.015053770504891872, 0.016387537121772766, 0.014715883880853653, 0.0016438664169982076, 0.0008547216420993209, 0.030783316120505333, 0.019330713897943497, 0.018886124715209007, -0.00020423289970494807, -0.03129903972148895, -0.00755356065928936, 0.0075357770547270775, 0.01187051646411419, -0.00865614041686058, 0.03544260561466217, -0.018957259133458138, 0.01915287785232067, 0.021642575040459633, -0.009389711543917656, -0.019988704472780228, -0.011096931993961334, 0.02482582814991474, -0.015418333932757378, -0.026621967554092407, 0.00676219305023551, -0.006144214887171984, -0.016903258860111237, -0.0047126393765211105, 0.02637299709022045, -0.002227389020845294, 0.003192146308720112, 0.00229407730512321, 0.017285605892539024, -0.021767059341073036, 0.04886918142437935, 0.015018204227089882, -0.01267077587544918, 0.01547168381512165, -0.0194551981985569, -0.013079797849059105, 0.043427418917417526, 0.017303388565778732, 0.013604411855340004, -0.03044542856514454, -0.011799382045865059, -0.0771094486117363, 0.0017794659361243248, -0.00022479511972051114, 0.03359311819076538, -0.007682491559535265, 0.003879035823047161, 0.021091284230351448, -0.009887650609016418, -0.029431767761707306, -0.015098229981958866, -0.010598992928862572, -0.0021117960568517447, 0.012679667212069035, 0.024487942457199097, 0.012635208666324615, 0.011354793794453144, -0.005157228093594313, 0.014040108770132065, -0.012252862565219402, 0.017961381003260612, -0.0037389902863651514, 0.03220599889755249, -0.03359311819076538, -0.010750153101980686, 0.006619924679398537, 0.019953137263655663, 0.022211648523807526, 0.021340254694223404, 0.01915287785232067, 0.004250267054885626, -0.019810868427157402, 0.006041959393769503, -0.01161265466362238, -0.049260418862104416, 0.027030987665057182, 0.006793314125388861, 0.048442378640174866, -0.007033391855657101, -0.011710464023053646, 0.0044325487688183784, 0.008985135704278946, -0.00220071361400187, 0.007197889965027571, -0.032970692962408066, 0.04467226564884186, -0.02740444242954254, -0.03972844034433365, 0.038199055939912796, 0.017881354317069054, -0.011168066412210464, 0.027653412893414497, 0.022727370262145996, 0.011185850016772747, -0.01893947459757328, -0.003676747903227806, 0.0003437225823290646, 0.004730422981083393, -0.035335905849933624, -0.012466264888644218, -0.0034077719319611788, 0.032757289707660675, 0.003327745944261551, -0.004499237053096294, 0.03795008361339569, 0.012546290643513203, 0.014582507312297821, 0.017632385715842247, -0.012279537506401539, -0.013328767381608486, -0.007402400486171246, -0.03979957476258278, -0.011443710885941982, 0.008940677158534527, -0.04104442149400711, -0.0010464504593983293, 0.005339509341865778, 0.003914603032171726, 0.003134349826723337, 0.04051091521978378, 0.00018686616385821253, -0.0043369620107114315, 0.01230621337890625, -0.013070905581116676, -0.020130973309278488, -0.028400322422385216, -0.024416808038949966, 0.005966379307210445, 0.03266837075352669, -0.025910625234246254, -0.018957259133458138, 0.02032659202814102, 0.008451629430055618, 0.01805919036269188, 0.004637059289962053, 0.010590100660920143, 0.012919745407998562, -0.005801881663501263, 0.004694855771958828, -0.0011031355243176222, -0.014324645511806011, -0.01436910405755043, 0.0050194053910672665, -0.006753301247954369, -0.0026208499912172556, -0.022353915497660637, -0.023847734555602074, -0.013248740695416927, 0.02358098141849041, 0.0009825408924371004, 0.03160135820508003, 0.02630186267197132, -0.00011746864765882492, 0.04029751196503639, -0.03611838072538376, -0.03183254599571228, 0.024114487692713737, 0.010527858510613441, -0.01278636883944273, 0.02623072825372219, 0.009825408458709717, -3.726903014467098e-05, 0.004757098387926817, 0.003554485971108079, 1.3137941095919814e-05, 0.011070257052779198, -0.027528928592801094, -0.0021795956417918205, -0.014529156498610973, -0.0006368731847032905, 0.005748530849814415, -0.003374427789822221, -0.011008013971149921, 0.01120363362133503, -0.004205808509141207, 0.02151808887720108, -0.01797916367650032, 0.04136452451348305, -0.04972279071807861, -0.010812395252287388, -0.040190812200307846, -0.010269997641444206, -0.020824531093239784, 0.019579682499170303, 0.027297740802168846, -0.0150004206225276, 0.008260456845164299, -0.010305563919246197, 0.01724114641547203, -0.013657762669026852, 0.005548465996980667, 0.0018694951431825757, 0.0031187892891466618, 0.013728897087275982, -0.0035922760143876076, 0.027244390919804573, 0.013239849358797073, -0.007451305165886879, 0.03218821808695793, -0.0269598551094532, 0.002576390979811549, -0.0186371561139822, -0.008878435008227825, -0.037487711757421494, 0.05121660977602005, 0.022122729569673538, 0.03572714328765869, 0.015142688527703285, -0.013977866619825363, 0.05107434093952179, -0.021482521668076515, 0.004345853812992573, 0.011212524957954884, 0.03441115841269493, 0.04762433469295502, -0.004677072167396545, -0.018459320068359375, -0.02948511764407158, -0.0165831558406353, 0.0022151628509163857, 0.03624286502599716, 0.0018261477816849947, 0.00913185067474842, -0.01952633261680603, 0.0026653087697923183, 0.0218026265501976, 0.009371927939355373, -0.002336313249543309, 0.0075980196706950665, 0.006806652061641216, 0.015720654278993607, -0.005143890623003244, -0.024879179894924164, -0.027475576847791672, 0.03745214641094208, -0.019882002845406532, 0.029076095670461655, 0.007211227435618639, -0.000442087824922055, 0.02093123272061348, -0.020130973309278488, 0.021429171785712242, 0.02902274578809738, 0.024078920483589172, 0.03659853711724281, -0.02512814849615097, 0.010554534383118153, 0.0013404346536844969, -0.03225935250520706, 0.005223916377872229, 0.008785070851445198, -0.008633910678327084, 0.0057618687860667706, -0.007691383361816406, -0.027653412893414497, 0.0168143417686224, -0.02210494689643383, 0.050576403737068176, 0.004837124142795801, 0.007331266533583403, -0.025039231404662132, 0.014324645511806011, -0.009905434213578701, -0.0047748819924890995, 0.00034927992965094745, -0.003194369375705719, -0.011079148389399052, 0.04043978080153465, -0.005610708612948656, 0.014760342426598072, 0.008833976462483406, 0.00504608079791069, -0.009887650609016418, 0.022513968870043755, -0.026070676743984222, 0.025092581287026405, 0.006988933309912682, 0.008518317714333534, -0.03659853711724281, 0.019846435636281967, 0.003314408240839839, -0.0033966570626944304, -0.023847734555602074, -0.016894368454813957, 0.0043325163424015045, 0.014573615044355392, -0.018992826342582703, 0.019917570054531097, 6.113093695603311e-05, -0.0063576172105968, 0.013862273655831814, -0.0008336036698892713, 0.0343400239944458, -0.012021676637232304, 0.016965502873063087, -0.02425675466656685, 0.005681842565536499, 0.004725977312773466, -0.026924287900328636, 0.03336193040013313, 0.004528135061264038, -0.008411617018282413, -0.010296672582626343, 0.002803131239488721, 0.015934055671095848, -0.014582507312297821, 0.01665429025888443, 0.018779423087835312, -0.00733571220189333, 0.019348496571183205, -0.004872691351920366, -0.0012392908101901412, -0.02077118121087551]"
2,1,"Incentive Value 
Size  Incentive Value  for Public 
Market Segment 
(MWdc)  ($/SREC-II)  Entities 
($/SREC-II) 
Net Metered Residential    All types and sizes  $90  N/A 
Small Net Metered Non-Residential on  Projects smaller than 1 
$100  $120 
Rooftop, Carport, Canopy and Floating Solar   MW 
Large Net Metered Non-Residential on  Projects 1 MW 
$90  $110 
Rooftop, Carport, Canopy and Floating Solar   to 5 MW 
Small Ground Mount Net Metered Non- Projects smaller than 1 
$85  $105 
Residential   MW 
Large Ground Mount Net  Metered Non- Projects 1 MW 
$80  $100 
Residential   to 5 MW 
Community Solar Non-LMI  Up to 5 MW  $70  N/A 
Community Solar LMI  Up to 5 MW  $90  N/A 
Interim Subsection (t)  All types and sizes  $100  N/A 
The Competitive Solar Incentive (CSI)  
The Competitive Solar Incentive Program is a new program designed for grid supply projects and commercial and 
industrial net metered projects larger than 5 MW. Incentive values will be determined through a competitive solicitation 
process that awards capacity to projects with the lowest cost bids. This approach will leverage competition to ensure 
the lowest possible ratepayer contribution, particularly for large projects benefitting from economies of scale, while 
ensuring solar projects continue receiving the incentives they need to build. 
Program Launch: The first competitive solicitation is targeted for early-to-mid 2022, following additional stakeholder 
engagement throughout this summer and fall.  
 
A Look-back: Solar in New Jersey 
  New Jersey has supported solar since the initial Renewable Portfolio Standard established in 1999 by the Electric 
Discount and Energy Competition Act (EDECA). Over time, New Jersey’s solar industry has grown and matured, now 
providing nearly 5,400 jobs. 
  New Jersey is currently 7th in the nation for installed solar capacity, and 1st for installed solar per square mile. 
  Why create a new incentive program? While the prior Solar Renewable Energy Certificate (SREC) Program has been 
successful at driving high numbers of solar installations in the state, it is expensive in part due to its “one-size-fits-
all” structure and the financial uncertainty inherent in its variable, market-driven incentive values.  
  The SuSI Program will provide incentives tailored to the needs of different projects, thereby enabling the continued 
growth of the solar industry at a lower cost to ratepayers.",The Competitive Solar Incentive (CSI)   A Look-back: Solar in New Jersey ,"['The Competitive Solar Incentive (CSI)', 'A Look-back: Solar in New Jersey']",520,15,new jersey,True,successor solar incentive (susi) program,docs/raw/dump/new_jersey/NJ SuSi Program.pdf,"[-0.027310503646731377, 0.023287761956453323, -0.02529064565896988, -0.02274460718035698, 0.009683432057499886, -0.018569106236100197, 0.009666458703577518, -0.00864379946142435, -0.0017567663453519344, -0.0320291593670845, 0.009148763492703438, 0.0033013629727065563, 0.02613932639360428, -0.0015912739327177405, -0.007264695595949888, -0.020402252674102783, 0.017958056181669235, 0.01928199641406536, 0.0005285681108944118, 0.005724342539906502, 0.0477297306060791, 0.022812502458691597, 0.012382232584059238, -0.04114397615194321, -0.00992954894900322, -0.04141555353999138, -0.03362467885017395, 0.02189592830836773, 0.0018692163284868002, 0.0014035035856068134, 0.005244838539510965, -0.011906972154974937, 0.0004349481896497309, -0.01353643648326397, 0.01120256818830967, 0.009208171628415585, 0.036459267139434814, -0.029669832438230515, 0.01354492362588644, 0.006831869017332792, -0.02776879072189331, 0.02632603421807289, 0.048951826989650726, 0.007396241184324026, -0.00460832891985774, 0.018959498032927513, -0.0005553545779548585, -0.0020962380804121494, 0.004309169482439756, -0.012237956747412682, 0.0016474989242851734, 0.012492560781538486, -0.008648043498396873, 0.003212251467630267, 0.005580067168921232, -0.00044476104085333645, 0.032215870916843414, -0.015615700744092464, -0.009063895791769028, 0.007430188357830048, 0.035950060933828354, -0.023915786296129227, 0.011482632718980312, 0.0022999211214482784, 0.009352447465062141, 0.0019413541303947568, 0.013477029278874397, -0.037749260663986206, -0.010888556949794292, 0.030246933922171593, -0.005928025580942631, 0.0035856703761965036, 0.047492098063230515, 0.025154856964945793, 0.03157087415456772, -0.004213693086057901, 0.004362212028354406, -0.008945080451667309, -0.0029067269060760736, -0.022982237860560417, 0.010956451296806335, -0.01609944738447666, -0.012484073638916016, 0.004234910011291504, -0.013723146170377731, -0.012000326998531818, 0.017550690099596977, -0.018976472318172455, -0.024764465168118477, 0.02070777676999569, -0.010718820616602898, -0.004952044226229191, -0.00360688753426075, -0.0006863694870844483, -0.004447080194950104, 0.03063732571899891, 0.01391834206879139, -0.007994559593498707, -0.009063895791769028, -0.007553246803581715, -0.010922503657639027, 0.01540353149175644, 0.013875908218324184, 0.004421619698405266, 0.011253489181399345, -0.04474237933754921, -0.031197454780340195, 0.012696243822574615, -0.012832032516598701, -0.01158447377383709, -0.032215870916843414, 0.013655251823365688, -0.004926583729684353, -0.010056850500404835, -0.018823709338903427, 0.017873188480734825, 0.01167782861739397, -0.000909147784113884, -0.026122352108359337, -0.010863096453249454, -0.0186709463596344, 0.006874303333461285, -0.020690804347395897, -0.011728749610483646, 0.02174316719174385, 0.01684628613293171, -0.028855100274086, 0.010421782732009888, -0.012195522896945477, 0.01383347436785698, -0.0023084080312401056, 0.020181596279144287, -0.0225918460637331, 0.011856051161885262, -0.029652858152985573, 0.022269347682595253, 0.0009526426438242197, -0.0018596687586978078, -0.01756766438484192, -0.016642602160573006, 0.0003633408632595092, -0.01082066260278225, -0.03785110265016556, 0.011363817378878593, -0.01527622900903225, 0.029262466356158257, 0.020079754292964935, 0.01783924177289009, 0.005291515961289406, 0.012755651026964188, -0.01362979132682085, -0.0221675056964159, -0.006836112588644028, 0.006755487993359566, 0.05146392062306404, 0.012577428482472897, -0.008249163627624512, -0.01894252374768257, -0.03165573999285698, 0.007366537116467953, -0.0009881810983642936, -0.024153415113687515, 0.02581682801246643, -0.007769660092890263, 0.02401762641966343, 0.0028261023107916117, -0.03737584128975868, 0.003836030839011073, -0.02673340030014515, 0.027531160041689873, 0.014020184054970741, 0.019231075420975685, -0.010633952915668488, 0.013103609904646873, 0.03167271614074707, 0.016218263655900955, -0.0005935451481491327, 0.016540762037038803, -0.027463264763355255, 0.005266055464744568, -0.02478143945336342, -0.015148927457630634, 0.005647961515933275, -0.006059570703655481, -0.01430024765431881, -0.009700405411422253, 0.02384789101779461, -0.005711612291634083, -0.01043875701725483, -0.01665109023451805, 0.049630772322416306, -0.0032716591376811266, -0.008414655923843384, 0.013196964748203754, 0.01120256818830967, -0.008007289841771126, -0.028719311580061913, -0.007650844752788544, -0.004003644920885563, 0.027208661660552025, -0.013146043755114079, 0.004020618740469217, -0.022133558988571167, -0.013697685673832893, 0.0015392922796308994, 0.02386486530303955, 0.00260120234452188, 0.010285994037985802, -0.0007059951894916594, -0.006004406604915857, 0.02352539263665676, -0.004527704790234566, 0.032894812524318695, 0.02293131686747074, 0.01591273956000805, 0.03376046568155289, -0.011660855263471603, -0.0019201370887458324, 0.012204010039567947, -0.019825151190161705, 0.031027719378471375, -0.03029785491526127, 0.000590362586081028, -0.005109049845486879, 0.011609934270381927, 0.004595599137246609, 0.018976472318172455, 0.012322825379669666, 0.004998721648007631, -0.015259255655109882, -0.02997535653412342, -0.015250768512487411, -0.0011563256848603487, 0.010854609310626984, -0.022948291152715683, -0.041721079498529434, -0.0009038435528054833, 0.009955009445548058, 0.0241873636841774, 0.005435791797935963, 0.037409789860248566, -0.056080736219882965, -0.016235236078500748, -0.014240840449929237, -0.03550874441862106, 0.000949460081756115, 0.03282691910862923, -1.104775037674699e-05, -0.009742839261889458, 0.0015700568910688162, 0.02062290906906128, -0.009742839261889458, -0.01138079073280096, -0.01196637935936451, -0.009072382934391499, 0.019502652809023857, -0.009352447465062141, 0.006331148557364941, -0.0366968959569931, 0.0007823763298802078, -0.03805478289723396, -0.0028409543447196484, -0.026614585891366005, 0.0011361695360392332, -0.013527949340641499, -0.0174997691065073, -0.028481680899858475, -0.030348775908350945, -0.00846557691693306, -0.02987351454794407, 0.007251965347677469, 0.018653973937034607, 0.01108375284820795, -0.005970459431409836, 0.03073916770517826, -0.004143677186220884, 0.009887115098536015, -0.003579305484890938, 0.015904251486063004, -0.06371884793043137, -0.003375622211024165, -0.007807850372046232, -0.004642276559025049, -0.02165829762816429, 0.018314501270651817, -0.0006423442391678691, 0.009607050567865372, -0.011346844024956226, 0.0029194571543484926, 0.015148927457630634, -0.006920980289578438, 0.012534994632005692, -0.0460323691368103, 0.008809291757643223, 0.039684247225522995, 0.010846123099327087, 0.003772379830479622, -0.01970633491873741, 0.048951826989650726, -0.01574300229549408, 0.003702363930642605, -0.013290319591760635, -0.021081196144223213, 0.008758371695876122, -0.017890160903334618, -0.007693278603255749, 0.04226423427462578, 0.003445638343691826, -0.02819312922656536, 0.019994886592030525, -0.006250523962080479, 0.021861981600522995, -0.006407529581338167, -0.00284519768320024, -0.014198406599462032, 0.06253069639205933, 0.003458368591964245, -0.016880232840776443, -0.016201289370656013, 0.003405326046049595, -0.02861746959388256, -0.00604684092104435, -0.02140369452536106, 0.012815059162676334, 0.03228376433253288, 0.004862932953983545, 0.02198079600930214, 0.05010603368282318, 0.004455566871911287, -0.05733678117394447, 0.02624116651713848, -0.00023431508452631533, 0.012187035754323006, 0.003937872592359781, -0.014113538898527622, -0.01739792712032795, 0.01116862054914236, -0.024679597467184067, 0.05244838818907738, -0.006403286010026932, 0.019655415788292885, -0.005724342539906502, 0.004164894111454487, 0.008266136981546879, 0.01631161756813526, 0.026801295578479767, 0.019146207720041275, 0.05414574593305588, -0.012068221345543861, -0.007362294010818005, 0.020317384973168373, -0.041822921484708786, -0.04671131446957588, -0.024221310392022133, 0.03591611236333847, 0.014181433245539665, 0.003729945980012417, 0.030773114413022995, 0.011559013277292252, 0.007476865313947201, -0.019485678523778915, 0.015683595091104507, -0.0060723009519279, -0.001247558742761612, 0.008334031328558922, -0.00896205473691225, -0.01528471615165472, -0.03294573351740837, 0.00964099820703268, -0.03262323513627052, -0.021777113899588585, -0.00301281176507473, -0.00753627298399806, -0.022965265437960625, 0.0009409732883796096, -0.011041318997740746, 0.023881837725639343, -0.04793341085314751, 0.024408020079135895, -0.002669096691533923, -0.018636999651789665, 0.002741234377026558, 0.002741234377026558, -0.00030499417334795, 0.0002912031195592135, 0.0015668743290007114, 0.039853986352682114, 0.008227947168052197, -0.002917335368692875, 0.03355678170919418, 0.02206566371023655, -0.00858014915138483, -0.010387836024165154, -0.011771183460950851, 0.01884068362414837, 0.011177107691764832, 0.010048364289104939, -0.01694812811911106, 0.01234828494489193, -0.016090961173176765, 0.026275115087628365, -0.03954846039414406, -0.015242282301187515, -0.01741490140557289, -0.03303060308098793, 0.0028282240964472294, 0.02877023257315159, 0.0038423959631472826, 0.1124330461025238, -0.017941081896424294, -0.02113211713731289, 0.0004174441855866462, -0.001354704494588077, -0.004118216689676046, 0.020571988075971603, -0.013137557543814182, -0.024815386161208153, 0.011100726202130318, -0.019163180142641068, -0.026359982788562775, 0.004850202705711126, 0.0035071675665676594, 0.037986889481544495, -0.01179664395749569, 0.03496558964252472, -0.026886163279414177, 0.03482980281114578, 0.030433643609285355, 0.005932269152253866, 0.026461822912096977, -0.007841797545552254, -0.03143508359789848, -0.03165573999285698, 0.030756141990423203, 0.010871583595871925, 0.0017779833870008588, -0.0036132526583969593, -0.045455269515514374, 0.04015950858592987, -0.01833147555589676, 0.021675271913409233, -0.03135021775960922, -0.0013196964282542467, 0.0011499605607241392, 0.019383838400244713, -0.005567336920648813, -0.012781111523509026, 0.01775437220931053, -0.015004651620984077, 0.0033989609219133854, 0.02598656341433525, -0.028804179280996323, 0.00016191211761906743, 0.037986889481544495, -0.018908577039837837, -0.024764465168118477, 0.009352447465062141, -0.0027560864109545946, -0.00439191609621048, -0.0017132714856415987, -0.005626744590699673, -0.011126186698675156, -0.0022956777829676867, 0.003948480822145939, 0.04056687653064728, 0.00913179013878107, -0.0021344285923987627, -0.006564535200595856, -0.025782879441976547, -0.006242036819458008, -0.02649577148258686, -0.02401762641966343, 0.041721079498529434, -0.02130185253918171, -0.02590169571340084, 0.016532273963093758, -0.03253836929798126, 0.0007691156934015453, 0.006662133149802685, 0.021098170429468155, 0.021420668810606003, 0.00702282227575779, 0.011228028684854507, 0.026631560176610947, -0.004353725351393223, -0.024985121563076973, 0.03666295111179352, -0.009581590071320534, 0.003993036691099405, -0.0347958542406559, -0.03326823189854622, 0.005028425250202417, 0.004693197086453438, -0.0030976799316704273, -0.02454380877315998, -0.029992330819368362, 0.018636999651789665, -0.011991839855909348, -0.034931644797325134, 0.0118815116584301, 0.026801295578479767, 0.0347958542406559, 0.034269675612449646, -0.007332589942961931, -0.01985909789800644, -0.026529718190431595, -0.00022503265063278377, 0.004595599137246609, -0.029160624369978905, -0.0012772624613717198, -0.006933710537850857, -0.004383428953588009, -0.029941409826278687, -0.011194081045687199, -0.025324594229459763, 0.019298968836665154, 0.018127791583538055, -0.03048456460237503, -0.02250697836279869, 0.02369512803852558, -0.004275222308933735, -0.022439083084464073, -0.0015095884446054697, 0.01451241783797741, 0.012976308353245258, 0.008936594240367413, 0.01256045512855053, 0.007646601181477308, -0.011567500419914722, -0.021878955885767937, -0.020860539749264717, 0.02785365842282772, -0.018042923882603645, 0.023050133138895035, 0.014071104116737843, -0.0010857791639864445, -0.0032865109387785196, 0.010133231990039349, -0.016685036942362785, -0.023321710526943207, -0.015624187886714935, -0.010659413412213326, 0.02581682801246643, 0.0017970786429941654, -0.005681908689439297, -0.009326986968517303, -0.03941266983747482, 0.012433153577148914, 0.022608818486332893, 0.046745263040065765, 0.006496640853583813, -0.01247558742761612, 0.014783995226025581, 0.004591355565935373, 0.007226505316793919, 0.002071838593110442, -0.008817778900265694, 0.011261975392699242, -0.005236351862549782, -0.034422434866428375, -0.011134673841297626, 0.01884068362414837, 0.005053885746747255, 0.02692010998725891, 0.010812175460159779, -0.0007017517928034067, 0.005321220029145479, -0.006861573085188866, -0.012042760848999023, 0.004298561252653599, -0.015140440315008163, 0.006182629615068436, 0.022184479981660843, 0.03686663135886192, 0.01545445155352354, 0.014945244416594505, -0.004336751531809568, -0.03768136724829674, 0.02189592830836773, 0.010947964154183865, -0.01701602153480053, -0.0017864701803773642, 0.018636999651789665, 0.014028670266270638, -0.0443350113928318, -0.04144950211048126, 0.022133558988571167, -0.08025112748146057, -0.009301526471972466, -0.013672225177288055, 0.0852753072977066, -0.025341566652059555, -0.023627234622836113, 0.013222425244748592, -0.02182803489267826, 0.019977912306785583, -0.019655415788292885, 0.024475913494825363, 0.016685036942362785, -0.010735793970525265, -0.01527622900903225, -0.0010539537761360407, 0.02989048883318901, 0.012967821210622787, -8.679072925588116e-05, 0.008987515233457088, 0.02394973300397396, 0.027191687375307083, -0.017448848113417625, 0.006208089645951986, -0.01295084785670042, -0.02030041068792343, 0.007918179035186768, 0.009352447465062141, -0.02810826152563095, 0.0019699970725923777, 0.0014480592217296362, 0.000539176631718874, 0.011906972154974937, -0.04610026627779007, -0.0004996599745936692, 0.008143078535795212, 0.0002689252723939717, 0.02590169571340084, 0.024068547412753105, -0.006742757745087147, 0.01159296091645956, 0.003549601649865508, 0.02030041068792343, -0.013757092878222466, 0.012933874502778053, -0.02664853259921074, 0.045285534113645554, -0.0169735886156559, -0.01970633491873741, -0.014503930695354939, -0.02978864684700966, -0.015946686267852783, -0.029907461255788803, -0.018636999651789665, -0.007251965347677469, -0.030620353296399117, 0.021709218621253967, 0.005660691764205694, -0.0006890216027386487, 0.004150042310357094, 0.01680385135114193, -0.001694176229648292, 0.006432990077883005, -0.003861491335555911, 0.010345402173697948, 0.013494002632796764, 0.0006253706524148583, -0.003594157285988331, -0.012127628549933434, 0.014885836280882359, -0.0028430758975446224, 0.01039632223546505, 0.06816592812538147, -0.008143078535795212, 0.02530761994421482, 0.024424992501735687, 0.011813617311418056, 0.011363817378878593, 0.05061523988842964, -0.0161249078810215, -0.007366537116467953, 0.02556222304701805, -0.0018108696676790714, 0.010888556949794292, -0.00864379946142435, 0.012602888979017735, -0.015878790989518166, 0.003659929847344756, -0.006080788094550371, -0.042230285704135895, 0.011049806140363216, 0.0003938402805943042, -0.02715774066746235, -0.0021068465430289507, 0.05288970097899437, 0.004591355565935373, 4.8815641093824524e-06, 0.017771346494555473, 0.0018076871056109667, 0.011228028684854507, -0.015064059756696224, 0.03362467885017395, -0.015641162171959877, -0.044199224561452866, -0.012687756679952145, -0.022031717002391815, -0.006836112588644028, 0.012153089046478271, 0.00555885024368763, 0.005092076491564512, 0.013757092878222466, -0.017873188480734825, 0.01374860666692257, 0.02598656341433525, -0.02242211066186428, -0.003649321384727955, 0.008894160389900208, -0.01578543707728386, 0.026886163279414177, -0.023067105561494827, 0.013213938102126122, -0.005092076491564512, 0.029177598655223846, 0.00818975642323494, -0.019740283489227295, 0.03447335585951805, 0.009691919200122356, -0.0013631912879645824, -0.011567500419914722, 0.01731305941939354, 0.04287528246641159, 0.004947801120579243, -0.027955500409007072, 0.005397601053118706, 0.0032058863434940577, -0.016752932220697403, -0.01631161756813526, -0.0010406931396573782, -0.008461333811283112, 0.008041237480938435, -0.013230911456048489, 0.02963588386774063, 0.0280064195394516, -0.02089448645710945, 0.018195686861872673, -0.027480239048600197, -0.01460577268153429, -0.006878546439111233, 0.01176269631832838, -0.015242282301187515, -0.025154856964945793, 0.02198079600930214, 0.002210809849202633, 0.004120338708162308, 0.02011370100080967, 0.010277507826685905, -0.012076707556843758, -0.03106166608631611, 0.026716427877545357, -0.010498164221644402, 0.011932432651519775, 0.027819711714982986, 0.022048691287636757, 0.019553573802113533, -0.0305524580180645, 0.0032886327244341373, -0.03914109244942665, -0.0020824470557272434, -0.017941081896424294, -0.017134837806224823, 0.005546119995415211, -0.013426108285784721, 0.013086636550724506, 0.022048691287636757, -0.033743493258953094, -0.00836797896772623, -0.02785365842282772, 0.02546038292348385, -0.009742839261889458, -0.005469738971441984, 0.02055501565337181, -0.004816255532205105, 0.019400810822844505, 0.02240513637661934, 0.019078312441706657, 0.011779669672250748, -0.014240840449929237, 0.006547561381012201, -0.013816501013934612, 0.02097935415804386, 0.0015743003459647298, -0.0015796045772731304, 0.009242118336260319, -0.061172809451818466, -0.020181596279144287, 0.011652368120849133, -0.007973343133926392, 0.011015858501195908, 0.01722819171845913, -0.004519217647612095, 0.0221675056964159, 0.00759568065404892, -0.007969100028276443, -0.006212333217263222, -0.014529391191899776, 0.006479667034000158, -0.21902717649936676, 0.040532927960157394, -0.022201452404260635, -0.004167015664279461, -0.013137557543814182, 0.005427304655313492, -0.011041318997740746, -0.004366455599665642, -0.007493839133530855, 0.025952616706490517, -0.001953023485839367, 0.017533715814352036, 0.015641162171959877, 0.02282947674393654, -0.008584392257034779, -0.03540690615773201, 0.028889046981930733, 0.0001258432457689196, 0.016837799921631813, 0.031010745093226433, -0.005418817978352308, -0.015598727390170097, 0.009411854669451714, -0.0140032097697258, 0.034252699464559555, 0.008312814868986607, -0.06246280297636986, -0.00787150114774704, -0.004544678144156933, 0.02225237339735031, 0.00896205473691225, 0.014266300946474075, -0.01167782861739397, 0.026190245524048805, -0.023576313629746437, -0.03469401225447655, -0.014436036348342896, -0.009445801377296448, 0.011550527065992355, 0.018738841637969017, -0.008817778900265694, 0.005457008723169565, 0.010863096453249454, -0.0023338682949543, -0.02284644916653633, 0.00211321166716516, 0.01256045512855053, 0.01167782861739397, 0.01557326689362526, 0.03771531209349632, 0.028906021267175674, -0.01816173829138279, -0.021081196144223213, -0.02310105413198471, 0.002565133385360241, -0.006301444489508867, 0.027361424639821053, 0.02664853259921074, 0.011261975392699242, -0.01592971198260784, -0.002522699534893036, -0.01694812811911106, -0.004438593052327633, -0.0009261213708668947, -0.010048364289104939, -0.013663738034665585, 0.015242282301187515, -0.012526508420705795, 0.020487120375037193, 0.012119141407310963, 0.026954058557748795, 0.010574545711278915, 0.014461496844887733, 0.010650926269590855, 0.000135523485369049, -0.0142153799533844, -0.0034795855171978474, 0.02445894107222557, 0.003971819765865803, 0.012467100284993649, 0.08446057140827179, 0.010803689248859882, 0.0021768626756966114, 0.050139978528022766, 0.0026881920639425516, 0.03550874441862106, -0.002930065616965294, 0.022608818486332893, 0.023712102323770523, 0.022727634757757187, 0.0016209776513278484, -0.00829584151506424, 0.009276065975427628, -0.02698800526559353, 0.004198841284960508, -0.025918668136000633, -0.09613840281963348, 0.00883475225418806, 0.009276065975427628, -0.000888461247086525, 0.014656693674623966, -0.01841634325683117, -0.03941266983747482, -0.005503686144948006, 0.010633952915668488, -0.02191290259361267, -0.0017726791556924582, -0.0012624106602743268, 0.036459267139434814, 0.016065500676631927, -0.02257487177848816, 0.018908577039837837, 0.03301362693309784, -0.05869466811418533, 0.003712972393259406, -0.053534697741270065, -0.007638114504516125, -0.007574463728815317, -0.005775263532996178, -0.04134766012430191, 0.010005930438637733, 0.003169817617163062, 0.020588962361216545, -0.011236514896154404, 0.013366700150072575, 0.008257650770246983, -0.013095122762024403, 0.016031553968787193, -0.013044202700257301, -0.000386679545044899, 0.0012305851560086012, 0.00020408087584655732, 0.006382069084793329, 0.011219541542232037, 0.015751490369439125, -0.018721867352724075, -0.013103609904646873, -0.004621059168130159, 0.017516743391752243, 0.003106166608631611, 0.011338356882333755, 0.0004474131856113672, -0.020419226959347725, 0.008792318403720856, 0.0034350298810750246, -0.001029023784212768, 0.008372222073376179, 0.01851818524301052, 0.04043108597397804, 0.01430024765431881, 0.0009929549414664507, 0.07142485678195953, -0.033658623695373535, 0.028040368109941483, 0.03802083805203438, -0.012730191461741924, 0.02902483567595482, -0.011015858501195908, 0.004824742209166288, -0.004752604756504297, 0.022116584703326225, 0.020317384973168373, -0.014325708150863647, 0.03659505397081375, -0.07461589574813843, -0.010243560187518597, 0.009437315165996552, 0.0434863343834877, 0.009089356288313866, 0.005066615995019674, -5.88854209127021e-06, 0.0022977995686233044, -0.017109377309679985, 0.0017440362134948373, -0.0011457172222435474, -0.02708984725177288, -0.004366455599665642, -0.02411946840584278, -0.02225237339735031, -0.003702363930642605, -0.03299665451049805, -0.006640916224569082, -0.001450180890969932, 0.03683268651366234, -0.009114816784858704, 0.014800968579947948, -0.01741490140557289, 0.037138212472200394, 0.0398879311978817, -0.02656366489827633, -0.002374180592596531, 0.040702663362026215, 0.00753627298399806, 0.011066779494285583, -0.04559105634689331, -0.00539335748180747, 0.019078312441706657, -0.01149960607290268, -0.01841634325683117, -0.024068547412753105, -0.04739025607705116, -0.022439083084464073, -0.0017599489074200392, 0.008181269280612469, -0.006937954109162092, 0.015564780682325363, 0.024085521697998047, 0.013341240584850311, 0.012628349475562572, 0.03975214436650276, 0.01282354537397623, -0.0008354187593795359, 0.0033289450220763683, -0.02793852612376213, 0.015089519321918488, -0.008036994375288486, 0.015123466961085796, 0.014062617905437946, -0.017168784514069557, 0.013086636550724506, 0.00030128119396977127, -0.009674944914877415, 0.013850447721779346, -0.00602562353014946, -0.019910018891096115, 0.017253652215003967, -0.004379185847938061, -0.019723309203982353, 0.05577521026134491, -0.01205124706029892, 0.01022658683359623, -0.044946059584617615, 0.006522101350128651, 0.038937412202358246, -0.013553409837186337, 0.001030084677040577, 0.024509860202670097, -0.021539483219385147, 0.024323152378201485, -0.027021951973438263, -0.017805293202400208, 0.00422642333433032, 0.009946522302925587, 0.0005659630987793207, 0.002035769633948803, -0.01567510887980461, 0.017465822398662567, -0.0026521231047809124, 0.010362375527620316, 0.002185349352657795, 0.0014130511553958058, -0.014028670266270638, -0.01652378775179386, 0.015301689505577087, -0.002238391898572445, 0.005176944192498922, 2.8808686693082564e-05, 0.005635231267660856, -0.0013716780813410878, -0.00014215380360838026, -0.007099203299731016, 0.04783157259225845, 0.005423061549663544, 0.0018554253038018942, -0.01680385135114193, 0.03975214436650276, 0.04786551743745804, -0.005970459431409836, 0.026343008503317833, 0.014928271062672138, -0.004956287797540426, 0.018552131950855255, 0.0031952778808772564, 0.010124744847416878, -0.0019487800309434533, -0.009225144982337952, -0.012365259230136871, -0.006017136853188276, -0.011185594834387302, 0.03116350807249546, -0.020317384973168373, 0.03123140148818493, -0.007714495994150639, 0.009199684485793114, -0.0032631722278892994, 0.003441395005211234, 0.01766950450837612, 0.19336311519145966, 0.05655599385499954, -0.01724516600370407, -0.005159970838576555, 0.02469656988978386, -0.011813617311418056, 0.01693115383386612, 0.022795528173446655, 0.018399368971586227, -0.01286598015576601, -0.035033486783504486, 0.0022171749733388424, -0.02062290906906128, -0.0012846884783357382, 0.0007097081397660077, 0.018127791583538055, 0.016303131356835365, 0.023321710526943207, -0.007192558143287897, -0.033675599843263626, -0.0030722194351255894, -0.006836112588644028, -0.03554269298911095, -0.013986236415803432, -0.009581590071320534, 0.03693452849984169, -0.04131371155381203, 0.006012893747538328, -0.0017143323784694076, -0.013349726796150208, 0.004052444361150265, -0.03971819579601288, -0.003662051633000374, -0.012602888979017735, 0.020317384973168373, -0.010430269874632359, -0.005550363101065159, -0.009326986968517303, 0.004404645878821611, -0.003093436360359192, -0.02495117485523224, -0.054043903946876526, 0.008546201512217522, -0.012314338237047195, 0.01841634325683117, -0.033658623695373535, 0.01333275344222784, 0.0028685363940894604, -0.002263852395117283, -0.0007632810156792402, 0.0034095693845301867, 0.008766857907176018, -0.02675037458539009, 0.011185594834387302, -0.009819220751523972, -0.01693115383386612, 0.009751326404511929, -0.009887115098536015, -0.01558175403624773, -0.004943557549268007, -0.013315780088305473, -0.03533900901675224, -0.025137884542346, 0.01643892005085945, 0.009921061806380749, 0.003278024261817336, 0.06568778306245804, -0.004756847862154245, -0.00925060547888279, 0.007909691892564297, -0.00015408835315611213, -0.04151739552617073, -0.006233550142496824, 0.02427223138511181, 0.007485352456569672, -0.023627234622836113, 0.013977750204503536, -0.01894252374768257, 0.03466006740927696, -0.038937412202358246, 0.004137312062084675, -0.006275983992964029, -0.021420668810606003, 0.0014523026766255498, 0.00447678379714489, 0.03022995963692665, -0.01656622253358364, 0.06524647027254105, -0.027310503646731377, -0.005792236886918545, 0.0016591682797297835, -0.020656855776906013, 0.0009717378998175263, -0.02486630715429783, -0.008376466110348701, -0.007510812487453222, 0.024934200569987297, 0.01306966319680214, 0.006343878339976072, 0.028566548600792885, -0.0102350739762187, 0.018636999651789665, 0.017363980412483215, 0.007612654007971287, 0.01739792712032795, -0.0024060062132775784, 0.016583194956183434, -0.031367190182209015, -0.023287761956453323, -0.019417785108089447, -0.007565977051854134, -0.0010916138999164104, 0.02927943877875805, -0.0483747273683548, 0.00031401138403452933, -0.023542366921901703, 0.031536925584077835, -0.026037484407424927, -0.00338623090647161, 0.0035877921618521214, 0.020487120375037193, -0.0298056211322546, -0.020249489694833755, 0.02478143945336342, -0.006598482374101877, -0.037307947874069214, 0.0014533634530380368, -0.03065430000424385, 0.014071104116737843, -0.023542366921901703, 0.006589995697140694, 0.00836797896772623, 0.012509534135460854, 0.0305524580180645, 0.01459728553891182, -0.028990888968110085, 0.023746049031615257, -0.03335310146212578, 0.006089274771511555, 0.011236514896154404, 0.0004627954913303256, 0.007905448786914349, 0.014495444484055042, -0.02486630715429783, 0.0171857587993145, -0.0015679352218285203, -0.02189592830836773, 0.0005004556151106954, 0.01497919112443924, 0.004799282178282738, -0.012314338237047195, 0.04481027275323868, 0.04375791177153587, 0.025748932734131813, 0.0020909339655190706, -0.05563942342996597, 0.014817941933870316, -0.03432059660553932, -0.008512254804372787, 0.00729864276945591, -0.01809384487569332, -0.034761909395456314, 0.005406087730079889, 0.02155645750463009, -0.016192803159356117, -0.001003563404083252, -0.010684873908758163, 0.0009324864950031042, 0.01637951284646988, -0.006297201383858919, -0.011703289113938808, 0.013604330830276012, -0.045455269515514374, -0.0009420341229997575, 0.03150298073887825, -0.005597040522843599, -0.007077986374497414, -0.04793341085314751, 0.008113374933600426, 0.007370780687779188, -0.01826358027756214, -0.02172619290649891, 0.042230285704135895, 0.013078149408102036, 0.012382232584059238, -0.026767348870635033, 0.02420433610677719, -0.0026521231047809124, -0.0006752305780537426, 0.005902565084397793, -0.002193836262449622, -0.0019275631057098508, -0.003116775071248412, -0.030111145228147507, -0.0021874711383134127, 0.01597214676439762, 0.01217854954302311, 0.012407693080604076, 0.025867749005556107, -0.02106422185897827, 0.01374860666692257, -0.02955101616680622, 0.022269347682595253, 0.016201289370656013, -0.005660691764205694, 0.018806735053658485, -0.021845007315278053, -0.025579197332262993, -0.004871419630944729, -0.01247558742761612, 0.02887207269668579, -0.007599924225360155, -0.02019857056438923, 0.001314392196945846, -0.00564371794462204, -0.001327122445218265, 0.023287761956453323, 0.01362979132682085, 0.004565895069390535, 0.04277344048023224, -0.011991839855909348, 0.032487448304891586, 0.019553573802113533, 0.03571242839097977, -0.007722982671111822, 0.03326823189854622, 0.012212496250867844, -0.012034273706376553, 0.022982237860560417, 0.0024484400637447834, -0.001828904147259891, -0.005100563168525696, -0.009530670009553432, 0.026784321293234825, 0.015318662859499454, -0.0021068465430289507, -0.008520741015672684, 0.008919620886445045, 0.012679270468652248, 0.011321383528411388, -0.02062290906906128, -0.0016835677670314908, -0.016243724152445793, 0.006339635234326124, 0.026767348870635033, 0.002234148560091853, 0.024306178092956543, -0.008325545117259026, 0.037918996065855026, 0.0006953866686671972, 0.018280554562807083, 0.04705078527331352, -0.015683595091104507, -0.016540762037038803, 0.002834589220583439, -0.02113211713731289, -0.0015011016512289643, 0.02732747606933117, 0.02038527838885784, 0.004154285881668329, -0.03274204954504967, -0.004922340624034405, -0.02520577795803547, -0.008928107097744942, -0.01851818524301052, -0.015428991988301277, -0.009776786901056767, 0.004290074575692415, -0.02512091025710106, -0.01188999880105257, 0.008495280519127846, -0.025579197332262993, -0.009191198274493217, -0.0013631912879645824, -0.0010401626350358129, -0.005236351862549782, 0.0407366119325161, -0.003939994145184755, -0.0007988194702193141, 0.0015286838170140982, 0.0021895929239690304, 0.006589995697140694, -0.057778093963861465, -0.005520659498870373, -0.031536925584077835, 0.03311546891927719, 0.015590240247547626, -0.002342355204746127, -0.01584484428167343, 0.010285994037985802, 0.011143160983920097, 0.01739792712032795, 0.0171857587993145, 0.02810826152563095, 0.024815386161208153, -0.018280554562807083, 0.027021951973438263, -0.004790795035660267, 0.028821151703596115, 0.014138998463749886, 0.02537551335990429, -0.02547735534608364, 0.03146903216838837, -0.008066697977483273, -0.005283029284328222, -0.017338519915938377, 0.02410249412059784, 0.012288877740502357, -0.00520240468904376, -0.029092729091644287, -0.0018087479984387755, -0.04066871851682663, -0.006220819894224405, -0.00715436739847064, -0.011915458366274834, 0.012254930101335049, 0.016795365139842033, -0.03252139315009117, 0.01800897717475891, 0.011041318997740746, -0.01851818524301052, 0.007247722242027521, 0.02647879719734192, -0.01824660785496235, 0.009708892554044724, 0.004718657582998276, 0.014334195293486118, -0.01052362471818924, 0.008605608716607094, 0.013519463129341602, -0.0038423959631472826, 0.037579525262117386, -0.00471441401168704, -0.019570546224713326, -0.025664065033197403, 0.04440290480852127, -0.010370862670242786, 0.006734271068125963, -0.014826429076492786, 0.021267905831336975, 0.018042923882603645, 0.0026245410554111004, 0.03360770270228386, -0.011058292351663113, 0.007769660092890263, 0.006814895663410425, -0.015921225771307945, -0.01877278834581375, -0.012577428482472897, 0.01622674986720085, 0.01901041902601719, 0.005142997018992901, -0.011618421413004398, -0.013791040517389774, -0.0328778401017189, -0.008185512386262417, -0.004854446277022362, 0.007655088324099779, -8.387339039472863e-05, -0.0004137312062084675, -0.006191116292029619, -0.010922503657639027, -0.017720425501465797, 0.009836194105446339, 0.010532110929489136, 0.02114909142255783, 0.00496477447450161, 0.001313331420533359, 0.0118815116584301, 0.00925060547888279, 0.022388162091374397, 0.03065430000424385, 0.02751418575644493, 0.01601457968354225, -0.01724516600370407, -0.009827707894146442, 0.01885765604674816, 0.02011370100080967, 0.018212659284472466, -0.02291434444487095, -0.006568778771907091, -0.027191687375307083, 0.0006338574457913637, 0.013103609904646873, -0.027395371347665787, -0.011788156814873219, -0.003415934508666396, -0.004599842242896557, 0.025137884542346, -0.002915213815867901, -0.006017136853188276, -0.03482980281114578, 0.015895765274763107, -0.034439411014318466, -0.02089448645710945, 0.010421782732009888, 0.004447080194950104, 0.007935152389109135, -0.02174316719174385, -0.022286321967840195, 0.046643421053886414, 0.04467448219656944, -0.028973914682865143, 0.00896205473691225, 0.008516497910022736, 0.012849005870521069, 0.01680385135114193, -0.0010592580074444413, 0.0015127710066735744, 0.010947964154183865, 0.011567500419914722, 0.01953659951686859, 0.003267415799200535, -0.003780866740271449, -0.005185431335121393, -0.003129505319520831, -0.031452059745788574, -0.004481027368456125, -0.005126023665070534, 0.03829241544008255, 0.02927943877875805, 0.004425863269716501, 0.002253243699669838, 0.004943557549268007, 0.021437641233205795, 0.021760139614343643, -0.04219634085893631, -0.035372957587242126, -0.056080736219882965, -0.027038926258683205, 0.030671274289488792, 0.015776950865983963, 0.01693115383386612, 0.0014066861476749182, 0.02970377914607525, -0.013061176054179668, -0.014402089640498161, 0.013460054993629456, 0.018297526985406876, -0.0005792236770503223, 0.05329706519842148, 0.01858607865869999, 0.005121780093759298, -0.009106329642236233, 0.025613144040107727, 0.043011073023080826, 0.013315780088305473, -0.011737235821783543, -0.019977912306785583, -0.003946359269320965, -0.023813944309949875, 0.009012974798679352, -0.03326823189854622, -0.008482550270855427, -0.00490536680445075, 0.010387836024165154, -0.009963496588170528, -0.040363192558288574, -0.010676386766135693, -0.013103609904646873, -0.01582786999642849, -0.012127628549933434, -0.004387672524899244, 0.02131882682442665, -0.022625792771577835, -0.005100563168525696, 0.018789762631058693, 0.0036005224101245403, -0.02394973300397396, -0.004071539267897606, 0.018721867352724075, -0.019332917407155037, 0.01934988982975483, 0.005775263532996178, -0.007150123827159405, -0.010167179629206657, 0.02512091025710106, 0.010684873908758163, 0.050818923860788345, -0.014962217770516872, 0.00238691084086895, 0.016277670860290527, -0.024475913494825363, -0.02893996797502041, 0.00946277566254139, 0.03703637048602104, 0.038496099412441254, -0.014817941933870316, -0.02284644916653633, 0.014257813803851604, -0.026037484407424927, 0.008300084620714188, 0.0023635721299797297, 0.018535157665610313, 0.011228028684854507, 0.0494270883500576, -0.01217854954302311, 0.02987351454794407, -0.016965100541710854, 0.014376629143953323, 0.00462954631075263, 0.01671898365020752, 0.018704894930124283, 0.0174997691065073, 0.013196964748203754, 0.037579525262117386, -0.056589942425489426, -0.025782879441976547, 0.011092239990830421, -0.01843331567943096, -0.010472703725099564, 0.023372631520032883, 0.014571825042366982, -0.015233795158565044, 0.021929875016212463, 0.02386486530303955, -0.005007208324968815, 0.040804505348205566, 0.006848842836916447, -0.010642440058290958, 0.007697522174566984, 0.021454615518450737, -0.05852493271231651, 0.02223540097475052, -0.004752604756504297, 0.01809384487569332, 0.006505127530544996, -0.000928773544728756, 0.02096238173544407, 0.012925387360155582, 0.020419226959347725, 0.007268939167261124, -0.03462611883878708, 0.018280554562807083, -0.005724342539906502, 0.026122352108359337, -0.04250186309218407, 0.03421875461935997, -0.038937412202358246, -0.02708984725177288, -0.0061783860437572, -0.013765580020844936, -0.029686804860830307, 0.005516415927559137, -0.0017578272381797433, -0.015225308015942574, 0.0241873636841774, 0.03167271614074707, -0.007553246803581715, -0.02927943877875805, -0.010421782732009888, 0.04168713092803955, 0.001976362196728587, -0.0003299241070635617, 0.003978184890002012, -0.036561109125614166, 0.011177107691764832, 0.009776786901056767, 0.003944237716495991, 0.00896205473691225, 0.025833800435066223, -0.025833800435066223, 0.004621059168130159, -0.008321301080286503, 0.01167782861739397, -0.02910970337688923, 0.024255257099866867, 0.00010356540587963536, 0.021166063845157623, -0.006254767067730427, 0.0424339696764946, -0.007663575001060963, -0.0031104099471122026, -0.014953730627894402, -0.03890346363186836, 0.02759905345737934, 0.01824660785496235, -0.02369512803852558, -0.02461170218884945, -0.009174223989248276, 0.02344052493572235, 0.01671898365020752, -0.005104806739836931, 0.017304573208093643, 0.02878720499575138, 0.021250931546092033, -0.011185594834387302, 0.02225237339735031, -0.017890160903334618, -0.019842123612761497, -0.039853986352682114, -0.0102350739762187, -0.016532273963093758, 0.0006635612226091325, 0.026699453592300415, -0.007867258042097092, 0.005189674440771341, -0.017109377309679985, 0.011066779494285583, 0.00681065209209919, -0.017448848113417625, -0.0280064195394516, 0.0006179446936585009, 0.04521763697266579, 0.009411854669451714, 0.013103609904646873, 0.04769578203558922, 0.023219868540763855, 0.023898812010884285, 0.007502325810492039, 0.02478143945336342, -0.0022574872709810734, 0.04226423427462578, 0.03072219341993332, -0.005142997018992901, 0.02539248764514923, 0.013307292945683002, -0.021098170429468155, 0.02063988335430622, -0.0036153742112219334, -0.005838914308696985, 0.0010391018586233258, 0.0017058455850929022, 0.06819988042116165, -0.007930909283459187, 0.003458368591964245, -0.051396023482084274, -0.008605608716607094, -0.03233468532562256, 0.008919620886445045, 0.04134766012430191, 0.007718739099800587, -0.02113211713731289, 0.0016093082958832383, 0.05380627512931824, 0.005019938573241234, -0.02045317366719246, -0.010735793970525265, 0.012976308353245258, 0.01894252374768257, -0.012127628549933434, -0.015768462792038918, 0.010846123099327087, 0.001043875701725483, -0.012687756679952145, -0.013510975986719131, 0.005923782009631395, 0.028311945497989655, 0.0005192857352085412, -0.021861981600522995, 0.03859793767333031, 0.02215053327381611, -0.026784321293234825, 0.010209613479673862, -0.011100726202130318, -0.014105051755905151, -0.00874139741063118, 0.02590169571340084, 0.007124663796275854, 0.027055898681282997, 0.004684710409492254, -0.02199777029454708, 0.0028961184434592724, 0.005130266770720482, 0.006292957812547684, -0.024509860202670097, 0.023983679711818695, -0.005804967135190964, 0.03337007388472557, 0.026037484407424927, -0.025579197332262993, -0.006034110672771931, -0.005457008723169565, 0.048001307994127274, -0.01748279482126236, -0.031044691801071167, 0.004493757616728544, 0.0018235999159514904, -0.014588799327611923, -0.012246443890035152, 0.03571242839097977, -0.012619862332940102, 0.01413051225244999, -0.01626918464899063, 0.01885765604674816, -0.005384870804846287, 0.06266649067401886, 0.024679597467184067, -0.018484236672520638, 0.03279297053813934, 0.0014416940975934267, -0.007150123827159405, 0.019926993176341057, 0.02291434444487095, -0.006598482374101877, -0.025698011741042137, -0.0349995382130146, -0.07685640454292297, 0.014342681504786015, -0.012577428482472897, 0.03435454145073891, -0.021081196144223213, -0.013782553374767303, 0.04365606978535652, 0.0019275631057098508, -0.0140032097697258, -0.024170389398932457, -0.011041318997740746, 0.003946359269320965, 0.01682082563638687, 0.010557571426033974, -0.006640916224569082, 0.014919783920049667, 0.004362212028354406, 0.006585752125829458, -0.002558768494054675, 0.04083845391869545, 0.013655251823365688, 0.02904180996119976, -0.024747490882873535, 0.0035602101124823093, 0.026292087510228157, 0.02072475105524063, 0.006861573085188866, 0.020096728578209877, 0.0341508574783802, 0.008172783069312572, -0.016999049112200737, -0.021250931546092033, 0.009980469942092896, -0.021335799247026443, 0.02622419409453869, -0.00772722577676177, 0.03258929029107094, -0.02861746959388256, -0.01833147555589676, 0.00904692243784666, 0.026767348870635033, -0.008652286604046822, 0.0007118298672139645, -0.018127791583538055, 0.07984375953674316, -0.011771183460950851, -0.043350543826818466, 0.01945173181593418, -0.0017588880145922303, 0.005681908689439297, 0.0016740200808271766, 0.025698011741042137, -0.0017196366097778082, -0.028074314817786217, -0.025952616706490517, 0.03618768975138664, 0.024153415113687515, -0.0170754287391901, -0.0002516864915378392, -0.0116693414747715, 0.01614188216626644, -0.004956287797540426, -0.002043195767328143, 0.018059898167848587, 0.00993803609162569, 0.03243652731180191, 0.022557899355888367, -0.0002356411423534155, -0.014206892810761929, 0.013994723558425903, -0.026003537699580193, -0.01928199641406536, 0.026258140802383423, -0.005406087730079889, 0.010854609310626984, 0.012000326998531818, -0.007799363695085049, -0.0035474798642098904, 0.0195196270942688, -0.009301526471972466, 0.004790795035660267, -0.004625302739441395, -0.012119141407310963, -0.026699453592300415, -0.010744281113147736, -0.01945173181593418, 0.006526344455778599, 0.016048528254032135, -0.024747490882873535, -0.004082147963345051, -0.00623779371380806, 0.00447678379714489, -0.005953486077487469, -0.02512091025710106, 0.02157342992722988, 0.007582950405776501, -0.03063732571899891, 0.016880232840776443, -0.003471098840236664, -0.006373582407832146, -0.014266300946474075, 0.006882790010422468, 0.007328346837311983, -0.002467535436153412, -0.05737072601914406, -0.010464216582477093, 0.006517857778817415, 0.024679597467184067, -0.014673667028546333, 0.02649577148258686, 0.016260696575045586, 0.0036238611210137606, 0.023457499220967293, -0.002709408989176154, -0.0242892038077116, 0.030841009691357613, -0.0017970786429941654, -0.0006715175695717335, 0.024085521697998047, -0.0016729593044146895, -0.005083589814603329, 0.0025714985094964504, -0.004447080194950104, -0.02435709908604622, -0.016583194956183434, -0.04311291500926018, -0.0008582270238548517, 0.0010794141562655568, -0.01701602153480053, 0.015259255655109882, 0.002983108162879944, -0.008338275365531445, 0.001696297898888588, 0.0328778401017189, 0.015547806397080421, -0.03381138667464256, 0.021420668810606003, -0.008431630209088326, -0.005389114376157522, -0.027565106749534607, -0.025952616706490517, -0.021352773532271385, -0.003252563765272498, 0.02394973300397396, -0.026529718190431595, 0.00024505617329850793, -0.023219868540763855, 0.031553901731967926, -0.011448685079813004, 0.00809215847402811, 0.01070184726268053, -0.002520577749237418, 0.03853004425764084, 0.005698882043361664, 0.03686663135886192, 0.014206892810761929, -0.002291434444487095, 0.03294573351740837, -0.041042134165763855, 0.012254930101335049, -0.01659168303012848, -0.0284307599067688, -0.022031717002391815, 0.04304501786828041, 0.011932432651519775, 0.0494270883500576, 0.016345566138625145, -0.024391045793890953, 0.02479841187596321, -0.023406578227877617, -0.00387422158382833, 0.00785877089947462, 0.0330984964966774, 0.0011754209408536553, 0.01711786352097988, -0.016116421669721603, -0.0022871908731758595, -0.015208334662020206, 0.004251883830875158, 0.030518511310219765, 0.0242892038077116, 0.0036684167571365833, -0.007243478670716286, 0.0010958572383970022, 0.027785763144493103, 0.02072475105524063, -0.013095122762024403, -0.014444523490965366, 0.013137557543814182, 0.020741725340485573, -0.01039632223546505, -0.00022821519814897329, -0.02310105413198471, 0.02734445035457611, 0.011228028684854507, 0.01807687059044838, 0.010727307759225368, 0.024747490882873535, 0.035203222185373306, -0.007918179035186768, 0.03550874441862106, 0.03404901921749115, 0.03311546891927719, 0.017363980412483215, 0.003365013748407364, 0.005554606672376394, -0.00031401138403452933, -0.023627234622836113, -0.02097935415804386, 0.002265973947942257, -0.03428664803504944, 0.014792482368648052, -0.010769741609692574, -0.008928107097744942, 0.002643636427819729, -0.034422434866428375, 0.04229818284511566, 0.007090716622769833, -0.000447147962404415, -0.03303060308098793, 0.0033713788725435734, -0.030688246712088585, 2.5427230866625905e-05, -0.014953730627894402, -0.011542039923369884, 0.0021216985769569874, 0.036459267139434814, -0.016668062657117844, -0.008843239396810532, 0.019638441503047943, -0.02997535653412342, -0.004287952557206154, 0.030365748330950737, 0.001976362196728587, 0.0032080081291496754, -0.008342518471181393, 0.010829148814082146, -0.008096401579678059, 0.00685732951387763, -0.014648206532001495, 0.00439191609621048, -0.025154856964945793, -0.010515137575566769, -0.0010571362217888236, 0.0030425156001001596, -0.010650926269590855, 0.018314501270651817, -0.011228028684854507, -0.019808176904916763, -0.00010064807429444045, -0.00447678379714489, 0.033743493258953094, -0.01294236071407795, 0.01536109670996666, -0.02989048883318901, 0.030874956399202347, -0.0023656939156353474, -0.021675271913409233, 0.009581590071320534, -0.010082310996949673, -0.0026924354024231434, 0.02206566371023655, 0.015556293539702892, 0.032809946686029434, -0.01128743588924408, 0.02157342992722988, 0.030603379011154175, -0.008249163627624512, 0.003456246806308627, -0.013527949340641499, -0.009097843430936337, -0.015556293539702892]"
